"s","x","px"
0.,-3.6e-11,5.2e-6
4.0000000000000003e-7,-3.385887113122845e-11,5.501003267650839e-6
8.000000000000001e-7,-3.160291843647666e-11,5.774106508256231e-6
1.2000000000000002e-6,-2.9243302114981776e-11,6.019344727513069e-6
1.6000000000000001e-6,-2.679112831298959e-11,6.236945441131982e-6
2.0000000000000003e-6,-2.4257381435653494e-11,6.427282091078152e-6
2.4000000000000003e-6,-2.165287477284275e-11,6.590829776681932e-6
2.8000000000000003e-6,-1.8988218104162246e-11,6.728124608586993e-6
3.2000000000000003e-6,-1.6273800595060254e-11,6.8397278819702175e-6
3.6000000000000007e-6,-1.3519787150410363e-11,6.926194892562727e-6
4.000000000000001e-6,-1.0736126140570309e-11,6.988049191891047e-6
4.4e-6,-7.932566335381205e-12,7.025762191998212e-6
4.800000000000001e-6,-5.11868102971324e-12,7.0397377456984055e-6
5.200000000000001e-6,-2.3038972852626497e-12,7.030301890591617e-6
5.600000000000001e-6,5.024717050335739e-13,6.997697370862368e-6
6.e-6,3.2911929543348532e-12,6.942082714662337e-6
6.4000000000000006e-6,6.0530805730193045e-12,6.863535837044691e-6
6.800000000000001e-6,8.778964951474735e-12,6.762061874093881e-6
7.200000000000001e-6,1.1459665906900086e-11,6.637605156944228e-6
7.6e-6,1.4085971431734935e-11,6.490065230109828e-6
8.000000000000001e-6,1.6648623612931433e-11,6.319316650096465e-6
8.400000000000001e-6,1.9138313217507775e-11,6.12523240873853e-6
8.8e-6,2.1545684312443678e-11,5.907710762966005e-6
9.2e-6,2.3861350190023158e-11,5.666704699401644e-6
9.600000000000001e-6,2.6075921561118592e-11,5.4022537674597505e-6
0.00001,2.818004775921742e-11,5.114517107838747e-6
0.000010400000000000002,3.0164471278985646e-11,4.803806882418899e-6
0.0000108,3.2020095494472524e-11,4.470620561314262e-6
0.000011200000000000001,3.373806485072103e-11,4.115670696930849e-6
0.0000116,3.530985617270145e-11,3.739910449632619e-6
0.000012,3.6727379068087935e-11,3.3445532429868223e-6
0.0000124,3.798308272317477e-11,2.9310848776781162e-6
0.000012800000000000001,3.907006573663741e-11,2.5012662837870193e-6
0.0000132,3.998218516113816e-11,2.0571266647487415e-6
0.000013600000000000002,4.071416052036646e-11,1.6009453497545855e-6
0.000014000000000000001,4.126166850480485e-11,1.1352231467896558e-6
0.000014400000000000003,4.162142411922163e-11,6.62643588576724e-7
0.0000148,4.179124454044233e-11,1.860254820857352e-7
0.0000152,4.1770092593224257e-11,-2.917311780374168e-7
0.0000156,4.1558097700132e-11,-7.677032795979697e-7
0.000016000000000000003,4.1156553259832356e-11,-1.239003858508613e-6
0.000016400000000000002,4.0567890577031016e-11,-1.7028396161365732e-6
0.000016800000000000002,3.9795630652322145e-11,-2.156563662098931e-6
0.0000172,3.884431620743188e-11,-2.5977211812192987e-6
0.0000176,3.77194271904335e-11,-3.024086127478603e-6
0.000018,3.6427283650901276e-11,-3.4336875432948916e-6
0.0000184,3.497494023422495e-11,-3.824825091189254e-6
0.0000188,3.337007661398958e-11,-4.196073914816574e-6
0.000019200000000000003,3.162088801028449e-11,-4.546279513468767e-6
0.000019600000000000002,2.973597954682132e-11,-4.874543905586989e-6
0.00002,2.7724267648569852e-11,-5.1802045439574285e-6
0.0000204,2.5594891041249983e-11,-5.462807671503395e-6
0.000020800000000000004,2.3357133234201524e-11,-5.722077798288858e-6
0.0000212,2.102035767630174e-11,-5.9578851600869925e-6
0.0000216,1.8593956173472243e-11,-6.170212192050351e-6
0.000022000000000000003,1.6087310610688005e-11,-6.359120691965871e-6
0.000022400000000000002,1.3509767531558044e-11,-6.524720480446162e-6
0.000022800000000000002,1.0870624841471349e-11,-6.667140391415944e-6
0.0000232,8.17912949638737e-12,-6.786502223336072e-6
0.0000236,5.444484969628587e-12,-6.882898116473087e-6
0.000024,2.6758670501679236e-12,-6.956371512956716e-6
0.0000244,-1.1755352862813398e-13,-7.006902056826335e-6
0.0000248,-2.9265832150942166e-12,-7.034394509546339e-6
0.000025200000000000003,-5.741974165470684e-12,-7.038671851032511e-6
0.000025600000000000002,-8.554390863274403e-12,-7.019472676220873e-6
0.000026000000000000002,-1.1354376591161295e-11,-6.9764530802268906e-6
0.0000264,-1.4132321579227624e-11,-6.909193194837482e-6
0.000026800000000000004,-1.687843473351745e-11,-6.817208582139802e-6
0.000027200000000000004,-1.9582720926666967e-11,-6.699966686179144e-6
0.000027600000000000003,-2.2234965904649338e-11,-6.55690846762592e-6
0.000028000000000000003,-2.482473091251111e-11,-6.387475404974254e-6
0.000028400000000000006,-2.734135914723485e-11,-6.1911415488305466e-6
0.000028800000000000005,-2.9773996064305574e-11,-5.967450714652849e-6
0.000029199999999999998,-3.2111625421326526e-11,-5.716057838890109e-6
0.0000296,-3.434312262547197e-11,-5.436773923380655e-6
0.00003,-3.6457326514021604e-11,-5.129613024398823e-6
0.0000304,-3.844313006394184e-11,-4.7948396304142705e-6
0.0000308,-4.028958975949958e-11,-4.433014055096554e-6
0.0000312,-4.198605232622934e-11,-4.045033504107234e-6
0.0000316,-4.352229650207188e-11,-3.632165677780538e-6
0.000032000000000000005,-4.488868630557854e-11,-3.1960721722439887e-6
0.0000324,-4.6076331147101295e-11,-2.7388188533916583e-6
0.000032800000000000004,-4.707724708553921e-11,-2.2628709188975213e-6
0.0000332,-4.788451277699142e-11,-1.7710710568807537e-6
0.000033600000000000004,-4.8492413218091896e-11,-1.2666003192920469e-6
0.000034000000000000007,-4.8896564446858187e-11,-7.529222769519558e-7
0.0000344,-4.909401288843357e-11,-2.3371247188203064e-7
0.000034800000000000006,-4.9083304101341627e-11,2.8722343711516215e-7
0.0000352,-4.88645171472332e-11,8.060386711559906e-7
0.0000356,-4.8439262774756526e-11,1.3189367598553563e-6
0.000036,-4.781064529597822e-11,1.822260577724353e-6
0.000036400000000000004,-4.6983190535671517e-11,2.312572422933364e-6
0.0000368,-4.5962743616972715e-11,2.7867237903205847e-6
0.0000372,-4.475634199006539e-11,3.241909239805492e-6
0.0000376,-4.3372070115706173e-11,3.6757039195422e-6
0.000038,-4.181890266324929e-11,4.086083552731204e-6
0.000038400000000000005,-4.0106543080271344e-11,4.4714277511146e-6
0.0000388,-3.8245263939075863e-11,4.830508168663255e-6
0.000039200000000000004,-3.6245754652713e-11,5.162463933689865e-6
0.00003960000000000001,-3.41189811079619e-11,5.4667670885063656e-6
0.00004,-3.187606062503046e-11,5.743181113894995e-6
0.000040400000000000006,-2.952815448656655e-11,5.991714838784549e-6
0.0000408,-2.7086379126430276e-11,6.212575771194833e-6
0.000041200000000000005,-2.4561736292861284e-11,6.406122117909975e-6
0.00004160000000000001,-2.1965061610326305e-11,6.572819214928873e-6
0.000042,-1.9306990153935107e-11,6.713197935697547e-6
0.0000424,-1.659793768330126e-11,6.827818293117449e-6
0.000042800000000000004,-1.3848095499893869e-11,6.917237733718734e-6
0.0000432,-1.106743691789829e-11,6.981984777920336e-6
0.0000436,-8.265733236547581e-12,7.0225378959685415e-6
0.000044000000000000006,-5.452577114636732e-12,7.03930958885267e-6
0.0000444,-2.637411300202843e-12,7.032635503247595e-6
0.000044800000000000005,1.704392582464912e-13,7.002768366975921e-6
0.0000452,2.9617337968299704e-12,6.949876633300799e-6
0.000045600000000000004,5.7272825470434134e-12,6.874047454021034e-6
0.00004600000000000001,8.457915464726464e-12,6.7752940089401655e-6
0.0000464,1.1144454840347094e-11,6.653567114239006e-6
0.000046800000000000006,1.3777693335701393e-11,6.508770648400564e-6
0.0000472,1.6348378944931797e-11,6.340780938707955e-6
0.000047600000000000005,1.884720848188163e-11,6.149469881455442e-6
0.000048,2.1264830953379092e-11,5.934731236997307e-6
0.000048400000000000004,2.359186207346396e-11,5.696509861685007e-6
0.0000488,2.5818910966157562e-11,5.434833322124867e-6
0.0000492,2.7936619794838968e-11,5.14984477629971e-6
0.0000496,2.993571671691571e-11,4.8418366369307955e-6
0.00005,3.1807082068275385e-11,4.511282705632134e-6
0.000050400000000000005,3.354182713253358e-11,4.15886859362941e-6
0.0000508,3.5131384236690465e-11,3.785517815288927e-6
0.000051200000000000004,3.656760618478973e-11,3.3924121214432927e-6
0.0000516,3.784287246395931e-11,2.9810046280906996e-6
0.000052000000000000004,3.895019891573901e-11,2.5530238738940433e-6
0.000052400000000000007,3.9883347080390765e-11,2.1104679626003935e-6
0.0000528,4.063692904418453e-11,1.6555878171078095e-6
0.000053200000000000006,4.120650345451072e-11,1.1908598584694451e-6
0.00005360000000000001,4.15886584913667e-11,7.18948315598199e-7
0.000054000000000000005,4.178107794495243e-11,2.426585592113925e-7
0.00005440000000000001,4.1782587242419215e-11,-2.3511594264349098e-7
0.000054800000000000004,4.159317683626655e-11,-7.114515512763506e-7
0.00005520000000000001,4.121400368734299e-11,-1.1834543939909373e-6
0.00005560000000000001,4.0647365891492904e-11,-1.6483171061697945e-6
0.000056000000000000006,3.9896658454465975e-11,-2.1033725815926575e-6
0.00005640000000000001,3.896630707288385e-11,-2.54614127707691e-6
0.00005680000000000001,3.786168542866296e-11,-2.9743684550102113e-6
0.00005720000000000001,3.658901934513961e-11,-3.386051872572238e-6
0.00005760000000000001,3.515528204625919e-11,-3.7794586464002088e-6
0.000058,3.35680848496174e-11,-4.153131341276464e-6
0.000058399999999999997,3.183556746955506e-11,-4.505883968861171e-6
0.0000588,2.996629173895386e-11,-4.836789095821642e-6
0.0000592,2.796914202685301e-11,-5.145157549970386e-6
0.0000596,2.5853234990659276e-11,-5.430512363532445e-6
0.00006,2.362784061510099e-11,-5.692558589864593e-6
0.0000604,2.1302315823736192e-11,-5.931150912158366e-6
0.0000608,1.8886051311599852e-11,-6.146260226573464e-6
0.0000612,1.63884317095812e-11,-6.337940609401243e-6
0.0000616,1.3818808680137084e-11,-6.506297727918524e-6
0.000062,1.118648621676457e-11,-6.651459565916721e-6
0.0000624,8.500717104987015e-12,-6.7735500099635915e-6
0.00006280000000000001,5.7707092968597725e-12,-6.872665791051472e-6
0.0000632,3.005640800234454e-12,-6.948857008777074e-6
0.0000636,2.1468157912854795e-13,-7.002111531916382e-6
0.00006400000000000001,-2.592979110759425e-12,-7.0323434397202695e-6
0.00006440000000000001,-5.408101586830534e-12,-7.0393856208923634e-6
0.0000648,-8.22136249430719e-12,-7.022986670986146e-6
0.0000652,-1.1023321200568715e-11,-6.982812216316922e-6
0.00006560000000000001,-1.3804387649069788e-11,-6.91845089963535e-6
0.000066,-1.65547935615303e-11,-6.829425191620633e-6
0.0000664,-1.926456896037086e-11,-6.715207179937402e-6
0.00006680000000000001,-2.192352606560748e-11,-6.575239727846474e-6
0.00006720000000000001,-2.452125265692847e-11,-6.4089625830772455e-6
0.0000676,-2.7047117011984108e-11,-6.21584417259893e-6
0.00006800000000000001,-2.949028647486101e-11,-5.995417892460146e-6
0.00006840000000000001,-3.183976153688748e-11,-5.747323216561125e-6
0.0000688,-3.4084427074140156e-11,-5.471350249175518e-6
0.00006920000000000002,-3.6213121881817393e-11,-5.167486464057565e-6
0.00006960000000000001,-3.821472715869377e-11,-4.8359641999703866e-6
0.00007000000000000001,-4.0078273695924934e-11,-4.47730644287929e-6
0.0000704,-4.1793066653376354e-11,-4.092368521802658e-6
0.0000708,-4.334882572356259e-11,-3.682372779288322e-6
0.0000712,-4.4735837239880665e-11,-3.2489332687206564e-6
0.0000716,-4.594511376329795e-11,-2.7940678645629194e-6
0.000072,-4.6968555529856984e-11,-2.3201952194034464e-6
0.0000724,-4.7799107380910934e-11,-1.830114953265151e-6
0.00007280000000000001,-4.843090431923974e-11,-1.3269706081575264e-6
0.0000732,-4.885939881070517e-11,-8.141956966575636e-7
0.0000736,-4.908146343866772e-11,-2.954447209779662e-7
0.000074,-4.909546350513204e-11,2.2548758268704198e-7
0.0000744,-4.890129562786586e-11,7.447543862069359e-7
0.0000748,-4.85003902062036e-11,1.2585488661364158e-6
0.0000752,-4.789567758111223e-11,1.7631925951153337e-6
0.00007560000000000001,-4.709151982909032e-11,2.255218106041418e-6
0.000076,-4.6093611831500204e-11,2.731439460770889e-6
0.0000764,-4.490885695386337e-11,3.1890082472161097e-6
0.00007680000000000001,-4.3545223540046954e-11,3.625453096929506e-6
0.0000772,-4.2011589096806484e-11,4.038701799355105e-6
0.0000776,-4.031757906609944e-11,4.4270863811718155e-6
0.00007800000000000001,-3.8473406752733755e-11,4.789332808617296e-6
0.00007840000000000001,-3.64897197076088e-11,5.124538733852883e-6
0.0000788,-3.43774578938847e-11,5.432138518295047e-6
0.00007920000000000001,-3.2147726650783487e-11,5.7118634455705755e-6
0.00007960000000000001,-2.981168703300998e-11,5.963695858822029e-6
0.00008,-2.73804648266533e-11,6.187821941172932e-6
0.0000804,-2.4865078429853055e-11,6.3845846079318375e-6
0.00008080000000000001,-2.2276385273990214e-11,6.554438649122271e-6
0.00008120000000000001,-1.9625045477398127e-11,6.697909159100626e-6
0.0000816,-1.6921501320742622e-11,6.815554440313843e-6
0.00008200000000000001,-1.4175970595866328e-11,6.9079337760830745e-6
0.00008240000000000001,-1.1398451797313442e-11,6.975580273807088e-6
0.00008280000000000001,-8.598739081862516e-12,7.018979311791219e-6
0.00008320000000000002,-5.78644487603987e-12,7.038551849767725e-6
0.0000836,-2.971028074015813e-12,7.034643078033566e-6
0.000084,-1.618258508732777e-13,7.007515668459094e-6
0.0000844,2.6319128069910897e-12,6.957348094188122e-6
0.0000848,5.400993779309721e-12,6.884236758897462e-6
0.0000852,8.136246202538013e-12,6.788203139607737e-6
0.00008560000000000001,1.0828494538328281e-11,6.6692046700301804e-6
0.000086,1.3468535901426529e-11,6.527149872532964e-6
0.0000864,1.6047124098787867e-11,6.361917249219768e-6
0.00008680000000000001,1.8554962044437598e-11,6.173377833998277e-6
0.0000872,2.0982703881903164e-11,5.9614213506483046e-6
0.0000876,2.332096812644582e-11,5.725985003279993e-6
0.00008800000000000001,2.556036286532072e-11,5.467084800586614e-6
0.00008840000000000001,2.7691523859364818e-11,5.18484866060555e-6
0.0000888,2.970516583139571e-11,4.879549066783429e-6
0.0000892,3.1592147197060416e-11,4.55163712663127e-6
0.00008960000000000001,3.3343547364135113e-11,4.201771772879907e-6
0.00009,3.4950755550661044e-11,3.830847048521828e-6
0.0000904,3.640556925419922e-11,3.4400132806886352e-6
0.00009080000000000001,3.7700299812772756e-11,3.030691015086103e-6
0.00009120000000000001,3.882788185372788e-11,2.6045762246309974e-6
0.0000916,3.978198288781046e-11,2.1636356925426875e-6
0.00009200000000000001,4.055710891486035e-11,1.710091624916215e-6
0.00009240000000000001,4.1148701713946244e-11,1.2463954646286311e-6
0.0000928,4.1553223568657126e-11,7.751913946814584e-7
0.00009320000000000002,4.176822553233106e-11,2.9927079927152016e-7
0.00009360000000000001,4.1792395968110984e-11,-1.7848035922858457e-7
0.00009400000000000001,4.162558697276224e-11,-6.551391317717539e-7
0.0000944,4.126881740938699e-11,-1.1278046800688706e-6
0.00009480000000000001,4.072425230630368e-11,-1.593656478878395e-6
0.00009520000000000001,3.9995159678173145e-11,-2.050008484298781e-6
0.0000956,3.908584702784027e-11,-2.4943566175653075e-6
0.000096,3.800158041657849e-11,-2.924417860324348e-6
0.0000964,3.674848995977499e-11,-3.338158916051403e-6
0.00009680000000000001,3.533346591853451e-11,-3.7338144368678983e-6
0.0000972,3.376404970762284e-11,-4.1098943493137876e-6
0.0000976,3.2048324037787204e-11,-4.465180981521548e-6
0.000098,3.019480604858282e-11,-4.798717208706277e-6
0.0000984,2.8212346781282537e-11,-5.10978683038593e-6
0.0000988,2.6110039708528085e-11,-5.397889222088258e-6
0.0000992,2.3897140356191187e-11,-5.6627095442573565e-6
0.00009960000000000001,2.1582998377733077e-11,-5.9040864932014625e-6
0.0001,1.9177002806237498e-11,-6.121978881056904e-6
0.0001004,1.6688540650558242e-11,-6.316432687495637e-6
0.00010080000000000001,1.4126968462286671e-11,-6.487548915770113e-6
0.00010120000000000001,1.1501596284240715e-11,-6.635454426341036e-6
0.0001016,8.821682826722505e-12,-6.760274870470854e-6
0.00010200000000000001,6.096440733556196e-12,-6.862111276089196e-6
0.00010240000000000001,3.3350505409887064e-12,-6.941020154998225e-6
0.0001028,5.466818292227695e-13,-6.996997440503287e-6
0.0001032,-2.259480002146866e-12,-7.029966436598389e-6
0.00010360000000000001,-5.074202961996821e-12,-7.039769911946116e-6
0.00010400000000000001,-7.888175370760159e-12,-7.0261663937900676e-6
0.0001044,-1.0691972233565539e-11,-6.988831337943533e-6
0.00010480000000000001,-1.3476022823293533e-11,-6.927361911721578e-6
0.00010520000000000001,-1.6230581333479768e-11,-6.841287613241444e-6
0.0001056,-1.894570270194861e-11,-6.730085665206116e-6
0.00010600000000000002,-2.1611225531804267e-11,-6.593201033804521e-6
0.00010640000000000001,-2.4216764199762132e-11,-6.430072329535406e-6
0.00010680000000000001,-2.6751712325959914e-11,-6.24016272588255e-6
0.00010720000000000002,-2.920525961650348e-11,-6.022995881238182e-6
0.00010760000000000001,-3.156642401897568e-11,-5.778196428503918e-6
0.00010800000000000001,-3.382410084363914e-11,-5.50553416098075e-6
0.00010840000000000002,-3.596713012745902e-11,-5.204970644385297e-6
0.00010880000000000002,-3.7984382710774183e-11,-4.876706815894917e-6
0.00010920000000000001,-3.986486553721902e-11,-4.521228840069585e-6
0.00010960000000000001,-4.1597844163935636e-11,-4.1393507716667275e-6
0.00011000000000000002,-4.317298136903982e-11,-3.732249801169718e-6
0.00011040000000000001,-4.458048805113267e-11,-3.301492669002213e-6
0.00011080000000000001,-4.5811282199270994e-11,-2.849049216008457e-6
0.00011120000000000002,-4.685715043904558e-11,-2.377291263157513e-6
0.00011160000000000002,-4.7710905852280906e-11,-1.8889748539789422e-6
0.00011200000000000001,-4.836653524393774e-11,-1.3872052877041868e-6
0.00011240000000000002,-4.881932895689105e-11,-8.753849880179808e-7
0.00011280000000000002,-4.9065986758199954e-11,-3.571462265671849e-7
0.00011320000000000001,-4.910469423999905e-11,1.6372821338076127e-7
0.00011360000000000002,-4.893516558488302e-11,6.833932183973176e-7
0.00011400000000000002,-4.855865039654434e-11,1.1980319835278168e-6
0.00011440000000000002,-4.797790409535305e-11,1.7039467985734608e-6
0.00011480000000000001,-4.719712357566366e-11,2.197641142532635e-6
0.00011520000000000002,-4.622185174159849e-11,2.6758924050770384e-6
0.00011559999999999999,-4.5058855846117034e-11,3.1358097406125584e-6
0.000116,-4.3715985916583884e-11,3.5748756201088835e-6
0.0001164,-4.2202020042322434e-11,3.990969849388532e-6
0.00011679999999999999,-4.052650344316449e-11,4.38237679396316e-6
0.0001172,-3.8699587852058697e-11,4.7477769187525574e-6
0.0001176,-3.6731877030830046e-11,5.086225037107975e-6
0.000118,-3.463428322516302e-11,5.3971177393339585e-6
0.0001184,-3.241789824593321e-11,5.680153453898434e-6
0.0001188,-3.009388167457676e-11,5.935287128772223e-6
0.0001192,-2.7673367616468027e-11,6.162683297547834e-6
0.00011960000000000001,-2.516739035719138e-11,6.362668682107352e-6
0.00012,-2.2586828625085578e-11,6.535687056489172e-6
0.0001204,-1.9942367311873416e-11,6.6822572231558065e-6
0.0001208,-1.7244475131954115e-11,6.80293535888074e-6
0.0001212,-1.4503396430684534e-11,6.898282104537507e-6
0.0001216,-1.172915509450528e-11,6.968834941297429e-6
0.000122,-8.931568459708175e-12,7.015085826690071e-6
0.0001224,-6.120269119068616e-12,7.037464083519003e-6
0.0001228,-3.3047325627084326e-12,7.03632432022875e-6
0.0001232,-4.943086620857433e-13,7.0119392189549216e-6
0.0001236,2.30174490107893e-12,6.9644969936844166e-6
0.000124,5.074229198859696e-12,6.894103904521671e-6
0.00012440000000000002,7.81397215281812e-12,6.800789498856131e-6
0.0001248,1.0511800088309555e-11,6.684518133700919e-6
0.0001252,1.3158514338375109e-11,6.545203278953281e-6
0.00012560000000000002,1.5744874421276715e-11,6.382725867271943e-6
0.000126,1.8261589374492868e-11,6.196956541441024e-6
0.0001264,2.0699318663820653e-11,5.987781294219436e-6
0.00012680000000000002,2.3048683952238957e-11,5.755130112493595e-6
0.0001272,2.5300292834674197e-11,5.499008033266e-6
0.0001276,2.7444775346910887e-11,5.219527826927304e-6
0.00012800000000000002,2.94728337510556e-11,4.916943392010557e-6
0.0001284,3.1375305625391566e-11,4.591682674634407e-6
0.00012880000000000001,3.314323972795363e-11,4.244378569150566e-6
0.00012920000000000002,3.4767983560841695e-11,3.875896070106694e-6
0.0001296,3.624128080570782e-11,3.4873542186499873e-6
0.00013000000000000002,3.7555376193871914e-11,3.080141022863605e-6
0.0001304,3.8703124681159886e-11,2.655919862294283e-6
0.0001308,3.9678101236694625e-11,2.2166259847611725e-6
0.00013120000000000002,4.047470714813477e-11,1.7644524971710674e-6
0.0001316,4.108826852082733e-11,1.3018253081188195e-6
0.000132,4.151512270730745e-11,8.31368067053773e-7
0.00013240000000000002,4.1752688711011204e-11,3.558572633558478e-7
0.0001328,4.179951820524291e-11,-1.2182943696387386e-7
0.0001332,4.1655324681940787e-11,-5.987703133669409e-7
0.00013360000000000002,4.132098926792711e-11,-1.0720588282904658e-6
0.000134,4.079854289303638e-11,-1.538862027429044e-6
0.00013440000000000001,4.0091125747945386e-11,-1.9964752994918463e-6
0.00013480000000000002,3.920292599343813e-11,-2.4423707745024944e-6
0.0001352,3.8139100734055005e-11,-2.874237470102628e-6
0.00013560000000000002,3.6905682914388074e-11,-3.2900113403672594e-6
0.00013600000000000003,3.550947829437199e-11,-3.6878946700668858e-6
0.0001364,3.3957956837372616e-11,-4.066364701827447e-6
0.00013680000000000002,3.2259142744118e-11,-4.424171929578937e-6
0.00013720000000000003,3.0421507045127014e-11,-4.760329184898907e-6
0.0001376,2.8453866166514994e-11,-5.074092970524928e-6
0.00013800000000000002,2.6365289267105693e-11,-5.364938589121833e-6
0.00013840000000000003,2.4165016454882873e-11,-5.632530788932983e-6
0.0001388,2.1862389354137726e-11,-5.876691807779744e-6
0.00013920000000000002,1.9466794739405045e-11,-6.097367931848318e-6
0.00013960000000000003,1.698762158746082e-11,-6.294596556051787e-6
0.00014000000000000001,1.443423115040409e-11,-6.468473747172772e-6
0.00014040000000000002,1.1815939435979938e-11,-6.619124738282082e-6
0.0001408,9.142011149605433e-12,-6.746676621044181e-6
0.0001412,6.421663826876195e-12,-6.851234453669089e-6
0.0001416,3.664080832966522e-12,-6.9328609542223815e-6
0.000142,8.784317422149748e-13,-6.991559944864078e-6
0.0001424,-1.9261014669560766e-12,-7.027263829761165e-6
0.0001428,-4.7402940275603216e-12,-7.039825199668597e-6
0.0001432,-7.554845484040067e-12,-7.029012695774836e-6
0.0001436,-1.0360346011181902e-11,-6.994511255805072e-6
0.000144,-1.3147243751884245e-11,-6.935926976520996e-6
0.0001444,-1.590581504898251e-11,-6.852796773293345e-6
0.0001448,-1.8626139525608335e-11,-6.7446030158417485e-6
0.0001452,-2.1298082043709957e-11,-6.610793273101883e-6
0.00014560000000000002,-2.3911283629675213e-11,-6.4508053886791415e-6
0.000146,-2.6455163479286452e-11,-6.2640978268854216e-6
0.0001464,-2.891893411284606e-11,-6.0501850674217845e-6
0.00014680000000000002,-3.1291631622444985e-11,-5.8086775480127574e-6
0.0001472,-3.356216270577695e-11,-5.539325405791917e-6
0.0001476,-3.5719369807010225e-11,-5.242064984275413e-6
0.000148,-3.7752115046861764e-11,-4.917066356429218e-6
0.0001484,-3.964938307042362e-11,-4.56477963622415e-6
0.0001488,-4.1400401826963005e-11,-4.185977880942553e-6
0.0001492,-4.299477932245927e-11,-3.781793686543007e-6
0.0001496,-4.4422653263809294e-11,-3.3537466259318584e-6
0.00015000000000000001,-4.567484937087297e-11,-2.903758750145982e-6
0.0001504,-4.6743042872124867e-11,-2.43415407629692e-6
0.0001508,-4.761991712929615e-11,-1.9476452274257586e-6
0.00015120000000000002,-4.829931261319435e-11,-1.4472983291325057e-6
0.0001516,-4.877635903769139e-11,-9.364837686099354e-7
0.000152,-4.90475844324972e-11,-4.188105904615608e-7
0.00015240000000000002,-4.91109952799756e-11,1.0195190350088641e-7
0.0001528,-4.8966123448786574e-11,6.219610292991204e-7
0.0001532,-4.861403730509418e-11,1.1373922562371847e-6
0.00015360000000000002,-4.8057316422766655e-11,1.6445289454723267e-6
0.000154,-4.729999119516943e-11,2.139846722028769e-6
0.0001544,-4.6347450819184615e-11,2.6200871570115654e-6
0.00015480000000000002,-4.520632443961091e-11,3.0823176597023457e-6
0.0001552,-4.388434158261307e-11,3.5239747378860077e-6
0.00015560000000000001,-4.239017864086621e-11,3.9428904321160325e-6
0.00015600000000000002,-4.073329832523541e-11,4.337301277727736e-6
0.0001564,-3.892378869064894e-11,4.705841701068595e-6
0.00015680000000000002,-3.697220765070018e-11,5.047523571073106e-6
0.00015720000000000003,-3.488943792082569e-11,5.36170501789353e-6
0.0001576,-3.2686556213544315e-11,5.64805086573659e-6
0.00015800000000000002,-3.037471931549441e-11,5.906488211281772e-6
0.00015840000000000003,-2.7965068606005113e-11,6.1371590227847905e-6
0.0001588,-2.5468653474815386e-11,6.340373491127458e-6
0.00015920000000000002,-2.2896373421738536e-11,6.516563558804666e-6
0.0001596,-2.0258937788289272e-11,6.6662412953840754e-6
0.00016,-1.756684160775873e-11,6.789960182624878e-6
0.00016040000000000002,-1.4830355843816698e-11,6.8882819024884225e-6
0.0001608,-1.2059529973521286e-11,6.9617479784099715e-6
0.00016120000000000002,-9.264204820310655e-12,7.010856772225785e-6
0.00016160000000000002,-6.454033533959224e-12,7.0360457485757744e-6
0.000162,-3.638508645609967e-12,7.037678828402664e-6
0.00016240000000000002,-8.269931964324593e-13,7.016038638576119e-6
0.00016280000000000003,1.971245964722024e-12,6.971323508365998e-6
0.0001632,4.747004652987118e-12,6.9036488091272e-6
0.00016360000000000002,7.49110917834862e-12,6.813053074851244e-6
0.00016400000000000003,1.0194387390471128e-11,6.699507615951821e-6
0.0001644,1.2847644607369128e-11,6.562931011243754e-6
0.00016480000000000002,1.5441645930377927e-11,6.403206937154923e-6
0.00016520000000000003,1.796710653398486e-11,6.220206033886706e-6
0.00016560000000000001,2.0414691370623993e-11,6.013811041791733e-6
0.00016600000000000002,2.2775025587876174e-11,5.783945113104288e-6
0.00016640000000000003,2.5038716793715564e-11,5.530602713489666e-6
0.0001668,2.7196390022974425e-11,5.253882023796721e-6
0.0001672,2.9238735934036225e-11,4.954018520918301e-6
0.0001676,3.115657233620208e-11,4.631417909065284e-6
0.000168,3.294091858185227e-11,4.286687244126028e-6
0.0001684,3.458308183080375e-11,3.920662699582865e-6
0.0001688,3.607475342438467e-11,3.5344322408737687e-6
0.0001692,3.740811302670176e-11,3.12935151008219e-6
0.0001696,3.8575937471892514e-11,2.707051204705318e-6
0.00017,3.957171068933947e-11,2.2694348570938775e-6
0.0001704,4.038973064234203e-11,1.8186660642664545e-6
0.0001708,4.102520898427109e-11,1.3571448665278904e-6
0.00017120000000000001,4.147435912979303e-11,8.874734785753931e-7
0.0001716,4.173446875020813e-11,4.124130368916396e-7
0.000172,4.1803953244765207e-11,-6.516802625057753e-8
0.00017240000000000002,4.1682387569146487e-11,-5.423501023119449e-7
0.0001728,4.1370514869641804e-11,-1.0162217382575778e-6
0.0001732,4.087023142478069e-11,-1.4839382827227218e-6
0.00017360000000000002,4.018454871366216e-11,-1.942777176010062e-6
0.000174,3.931753444653818e-11,-2.390187455967937e-6
0.0001744,3.827423545985514e-11,-2.823830570405877e-6
0.00017480000000000002,3.706058607234715e-11,-3.241611953500354e-6
0.0001752,3.568330601149107e-11,-3.641701676166688e-6
0.0001756,3.414979223860212e-11,-4.022544265543906e-6
0.00017600000000000002,3.2468008929976524e-11,-4.3828582070688686e-6
0.0001764,3.064637957719077e-11,-4.721626084326897e-6
0.00017680000000000001,2.8693684685927125e-11,-5.038076697500736e-6
0.0001772,2.6618967947432946e-11,-5.33166081196317e-6
0.0001776,2.4431453079170263e-11,-5.60202245085317e-6
0.00017800000000000002,2.21404728688651e-11,-5.848966752402185e-6
0.0001784,1.9755411245360797e-11,-6.072427296881976e-6
0.0001788,1.7285658739345528e-11,-6.27243212102504e-6
0.00017920000000000002,1.474058103335539e-11,-6.449071979971688e-6
0.0001796,1.2129500037896953e-11,-6.602470291264114e-6
0.00018,9.46168650497344e-12,-6.732755110284706e-6
0.00018040000000000002,6.746363047564278e-12,-6.840035295028197e-6
0.0001808,3.992716146074346e-12,-6.924379487711054e-6
0.0001812,1.2099157409620131e-12,-6.985799224116427e-6
0.00018160000000000002,-1.592859181327216e-12,-7.024235921083264e-6
0.000182,-4.406390613945295e-12,-7.039551937390615e-6
0.00018240000000000002,-7.221388832376261e-12,-7.031525884311245e-6
0.00018280000000000003,-1.0028458713548602e-11,-6.999852558698201e-6
0.0001832,-1.2818066900586126e-11,-6.944147001231967e-6
0.00018360000000000002,-1.558051151747469e-11,-6.8639535660677645e-6
0.00018400000000000003,-1.830589659938904e-11,-6.7587601989990815e-6
0.0001844,-2.0984113147875302e-11,-6.628017402744589e-6
0.00018480000000000002,-2.3604828859916492e-11,-6.471162696433044e-6
0.00018520000000000003,-2.615748871847259e-11,-6.287650352281272e-6
0.0001856,-2.8631328481236484e-11,-6.07698617529495e-6
0.00018600000000000002,-3.1015403043033356e-11,-5.838766974079906e-6
0.00018640000000000003,-3.329863140253411e-11,-5.57272396447662e-6
0.00018680000000000001,-3.546985960245031e-11,-5.27876910633212e-6
0.00018720000000000002,-3.751794242837302e-11,-4.9570418333097216e-6
0.00018760000000000003,-3.943184400996895e-11,-4.6079571533609145e-6
0.00018800000000000002,-4.120075659407444e-11,-4.2322476135186244e-6
0.00018840000000000003,-4.2814235514600576e-11,-3.831001545989203e-6
0.0001888,-4.426234751820706e-11,-3.4056915753465905e-6
0.00018920000000000002,-4.5535828286571005e-11,-2.9581914584491507e-6
0.00018960000000000003,-4.6626243917886525e-11,-2.49077865312989e-6
0.00019,-4.752615023592955e-11,-2.006120599576917e-6
0.00019040000000000002,-4.822924318280236e-11,-1.5072438506631251e-6
0.00019080000000000003,-4.873049338859232e-11,-9.9748592017469e-7
0.0001912,-4.90262582741246e-11,-4.804313887645261e-7
0.00019160000000000002,-4.9114365875804284e-11,4.0164958980913263e-8
0.000192,-4.89941658907027e-11,5.604646715246374e-7
0.00019240000000000001,-4.866654510340834e-11,1.0766357994058024e-6
0.0001928,-4.813390640227997e-11,1.584944602148667e-6
0.0001932,-4.740011236773845e-11,2.0818399263824073e-6
0.00019360000000000002,-4.6470396813077414e-11,2.5640283124334417e-6
0.000194,-4.535124880049064e-11,3.0285358527399264e-6
0.0001944,-4.405027518881741e-11,3.472753648468839e-6
0.0001948,-4.2576048407509905e-11,3.8944660263682196e-6
0.0001952,-4.093794634757686e-11,4.29186166435667e-6
0.0001956,-3.914599124941397e-11,4.66352850658195e-6
0.000196,-3.721069314636649e-11,5.008435106626021e-6
0.0001964,-3.514290336550234e-11,5.325900619094135e-6
0.0001968,-3.2953681905459524e-11,5.61555565476782e-6
0.0001972,-3.065418142266116e-11,5.877298662846399e-6
0.0001976,-2.8255549480675853e-11,6.111248712609705e-6
0.00019800000000000002,-2.5768849779909024e-11,6.317698203690205e-6
0.0001984,-2.320500201992593e-11,6.4970672520569064e-6
0.0001988,-2.0574739647817905e-11,6.6498603199205234e-6
0.00019920000000000002,-1.7888583885082908e-11,6.776627879745712e-6
0.0001996,-1.5156832352149798e-11,6.8779322575523615e-6
0.0002,-1.2389560298503923e-11,6.9543186136302934e-6
0.00020040000000000002,-9.596632333704174e-12,7.006291454243803e-6
0.0002008,-6.7877225472714175e-12,7.0342962617403394e-6
0.0002012,-3.972340950545397e-12,7.038706163595595e-6
0.00020160000000000002,-1.159864224996569e-12,7.01981368092091e-6
0.000202,1.640431156233555e-12,6.977827122623616e-6
0.00020240000000000001,4.419335283895127e-12,6.912871527786214e-6
0.00020280000000000002,7.1676724294124085e-12,6.824994011480009e-6
0.0002032,9.876271638805615e-12,6.7141732599587775e-6
0.00020360000000000002,1.253594196664744e-11,6.5803332233027375e-6
0.00020400000000000003,1.5137453959401755e-11,6.423360688130539e-6
0.0002044,1.76715289246849e-11,6.243126517453057e-6
0.00020480000000000002,2.0128837444373904e-11,6.039510604908986e-6
0.00020520000000000003,2.250000846384576e-11,5.812429811888206e-6
0.0002056,2.4775650097698855e-11,5.561868381853556e-6
0.00020600000000000002,2.6946383060240734e-11,5.287910513685484e-6
0.0002064,2.9002887281009616e-11,4.990773720205757e-6
0.0002068,3.0935961809971734e-11,4.6708416928069686e-6
0.00020720000000000002,3.273659783488099e-11,4.328696182245672e-6
0.0002076,3.439606353122252e-11,3.965144846783677e-6
0.00020800000000000001,3.590599936474959e-11,3.58124484469958e-6
0.00020840000000000002,3.7258521466039465e-11,3.1783195043905865e-6
0.0002088,3.844633010105667e-11,2.757966830113798e-6
0.00020920000000000002,3.946281966730812e-11,2.322058467440204e-6
0.00020960000000000003,4.0302186212504826e-11,1.8727281916046968e-6
0.00021,4.095952817852843e-11,1.4123495589660735e-6
0.00021040000000000002,4.14309360672489e-11,9.435029865953136e-7
0.00021080000000000003,4.17135669734414e-11,4.6893323303996993e-7
0.0002112,4.180570046374255e-11,-8.501018152592109e-9
0.00021160000000000002,4.170677309180058e-11,-4.858833086936117e-7
0.00021200000000000003,4.141738977684295e-11,-9.602979610047333e-7
0.0002124,4.093931166711188e-11,-1.4288894389674004e-6
0.00021280000000000002,4.0275420663431326e-11,-1.8889181727846302e-6
0.00021320000000000003,3.9429662939293705e-11,-2.3378103126278806e-6
0.00021360000000000001,3.840697377452375e-11,-2.7732003341489856e-6
0.00021400000000000002,3.721318742192746e-11,-3.1929635061733132e-6
0.00021440000000000003,3.585493605051505e-11,-3.5952377425533508e-6
0.00021480000000000002,3.433954206765201e-11,-3.978434876980089e-6
0.00021520000000000003,3.2674908104048915e-11,-4.3412412456853425e-6
0.00021560000000000004,3.08694086707442e-11,-4.682608918606119e-6
0.00021600000000000002,2.8931787029440645e-11,-5.001738659065571e-6
0.00021640000000000003,2.6871060232450972e-11,-5.298056333721067e-6
0.00021680000000000004,2.4696434607426408e-11,-5.571184648281097e-6
0.00021720000000000002,2.2417233290347756e-11,-5.820911458545997e-6
0.00021760000000000003,2.004283673601386e-11,-6.047156697183095e-6
0.000218,1.7582636594954378e-11,-6.2499390873592225e-6
0.00021840000000000002,1.5046002713809928e-11,-6.429343466965967e-6
0.00021880000000000003,1.2442262788054188e-11,-6.585490875229859e-6
0.00021920000000000002,9.780693684299229e-12,-6.718510189260738e-6
0.00021960000000000003,7.0705232509331925e-12,-6.828513673565521e-6
0.00022000000000000003,4.3209413625552655e-12,-6.915575718175693e-6
0.00022040000000000002,1.5411186859156988e-12,-6.979715399687496e-6
0.00022080000000000003,-1.2597683615050448e-12,-7.020882983948933e-6
0.00022120000000000004,-4.072508070737501e-12,-7.038950530680203e-6
0.00022160000000000002,-6.887820977886718e-12,-7.033706702347908e-6
0.00022200000000000003,-9.696326204482976e-12,-7.004856086581004e-6
0.00022240000000000004,-1.2488508442317832e-11,-6.95202271788326e-6
0.00022280000000000002,-1.5254687241888553e-11,-6.874758838391511e-6
0.00022320000000000003,-1.798499078740906e-11,-6.772558122737347e-6
0.00022360000000000004,-2.0669336069762732e-11,-6.644874342928671e-6
0.00022400000000000002,-2.3297417465400817e-11,-6.4911450814013995e-6
0.00022440000000000003,-2.5858705930187967e-11,-6.310820928777618e-6
0.00022480000000000004,-2.834246085622568e-11,-6.1033995988515505e-6
0.00022520000000000003,-3.0737756572622467e-11,-5.8684649125403905e-6
0.00022560000000000004,-3.303352526360092e-11,-5.605729775553354e-6
0.00022600000000000005,-3.521861771722425e-11,-5.315082228776175e-6
0.00022640000000000003,-3.7281882818409364e-11,-4.996632291647833e-6
0.00022680000000000004,-3.9212265818200386e-11,-4.650759859100241e-6
0.00022720000000000005,-4.0998925183285744e-11,-4.278157787015864e-6
0.00022760000000000003,-4.263136566112469e-11,-3.87987053734877e-6
0.00022800000000000004,-4.409958526073268e-11,-3.457324011972543e-6
0.00022840000000000005,-4.539423192929235e-11,-3.012343960857563e-6
0.00022880000000000003,-4.6506764868007096e-11,-2.5471603461083223e-6
0.00022920000000000004,-4.742961444120933e-11,-2.0643956626626273e-6
0.00022960000000000002,-4.81563339942362e-11,-1.5670360570666414e-6
0.00023000000000000003,-4.86817366531719e-11,-1.05838521347924e-6
0.00023040000000000004,-4.9002010416530554e-11,-5.420022408028882e-7
0.0002308,-4.911480560111569e-11,-2.1626089013237897e-8
0.00023119999999999998,-4.90192899506457e-11,4.989099115957544e-7
0.0002316,-4.871616838426819e-11,1.0157684575921147e-6
0.000232,-4.820766627134579e-11,1.5251995378658135e-6
0.00023239999999999998,-4.749747714996302e-11,2.0236260016129145e-6
0.0002328,-4.659067781086958e-11,2.5077204141045936e-6
0.0002332,-4.549361529546012e-11,2.974468307107844e-6
0.00023359999999999999,-4.421377164731763e-11,3.421215656653392e-6
0.000234,-4.275961307586997e-11,3.845699237380926e-6
0.0002344,-4.114043046041069e-11,4.246059708693979e-6
0.0002348,-3.9366177910189375e-11,4.620838498392249e-6
0.0002352,-3.744731549047367e-11,4.968960447751635e-6
0.0002356,-3.539466130438016e-11,5.2897048560771005e-6
0.000236,-3.3219257023292237e-11,5.582667724795334e-6
0.0002364,-3.0932249788664255e-11,5.84771811546149e-6
0.0002368,-2.854479226058063e-11,6.084951366402262e-6
0.0002372,-2.6067961571683103e-11,6.2946421270119015e-6
0.0002376,-2.3512697047309216e-11,6.477197193267325e-6
0.000238,-2.088975588629445e-11,6.6331133901011744e-6
0.0002384,-1.8209685331379397e-11,6.762937594001715e-6
0.0002388,-1.5482809678218616e-11,6.867232286685327e-6
0.00023920000000000001,-1.2719230118255117e-11,6.946546034034915e-6
0.0002396,-9.92883533077959e-12,7.001389228624451e-6
0.00024,-7.121320719678684e-12,7.032215124130394e-6
0.00024040000000000002,-4.306214211490514e-12,7.039405965710107e-6
0.0002408,-1.4929065956434098e-12,7.02326411216058e-6
0.0002412,1.309315525880015e-12,6.984007885315983e-6
0.0002416,4.0912360850799785e-12,6.921771983580763e-6
0.000242,6.843676931497975e-12,6.836612430784534e-6
0.0002424,9.557467940054892e-12,6.728515302590461e-6
0.0002428,1.2223421629940295e-11,6.597410237111273e-6
0.0002432,1.483231384302055e-11,6.4431873536174825e-6
0.0002436,1.7374871994643846e-11,6.2657182235516325e-6
0.000244,1.984177242512368e-11,6.06488023958925e-6
0.00024440000000000003,2.222364816576407e-11,5.840584273626285e-6
0.0002448,2.4511108305638804e-11,5.592804982314919e-6
0.0002452,2.6694769888503696e-11,5.321613017884291e-6
0.0002456,2.8765302934055553e-11,5.027208195083737e-6
0.000246,3.0713488836961345e-11,4.709952912501598e-6
0.0002464,3.253029177121113e-11,4.370403848295818e-6
0.00024680000000000004,3.4206942261313764e-11,4.009340585933309e-6
0.0002472,3.5735031364657137e-11,3.6277896334953586e-6
0.0002476,3.7106613209390456e-11,3.2270421628287595e-6
0.000248,3.831431303891936e-11,2.808663452074328e-6
0.0002484,3.9351437235925495e-11,2.3744930786069414e-6
0.00024880000000000003,4.021208135200204e-11,1.9266347147696063e-6
0.0002492,4.089123188540981e-11,1.4674350121655933e-6
0.0002496,4.138485747500087e-11,9.994518649947993e-7
0.00025,4.1689985429934967e-11,5.254131179745596e-7
0.0002504,4.180475997871953e-11,4.81666578845402e-8
0.0002508,4.172847941893556e-11,-4.2937469123402955e-7
0.00025120000000000003,4.146161033534725e-11,-9.042921537272464e-7
0.0002516,4.100577813426792e-11,-1.3737201030071024e-6
0.000252,4.0363734408712326e-11,-1.8349023093576904e-6
0.0002524,3.9539302726173805e-11,-2.285243024529501e-6
0.0002528,3.853730553059249e-11,-2.7223501100436324e-6
0.00025320000000000003,3.736347558365051e-11,-3.1440688539536317e-6
0.00025360000000000004,3.602435597670568e-11,-3.54850528283638e-6
0.000254,3.452719298907768e-11,-3.934038534661974e-6
0.0002544,3.287982618418611e-11,-4.2993226265674055e-6
0.0002548,3.109057968968297e-11,-4.643278835680663e-6
0.0002552,2.916815816316553e-11,-4.965079665195352e-6
0.00025560000000000003,2.7121550821070574e-11,-5.264125658140695e-6
0.00025600000000000004,2.4959945588229906e-11,-5.540017703641256e-6
0.0002564,2.2692655103471043e-11,-5.792525878675156e-6
0.0002568,2.032905571227432e-11,-6.02155623865031e-6
0.0002572,1.7878539690146493e-11,-6.227117272728408e-6
0.00025760000000000003,1.5350480781525706e-11,-6.409287957240123e-6
0.00025800000000000004,1.2754212354426597e-11,-6.568186295320464e-6
0.00025840000000000005,1.0099017402131574e-11,-6.703941692141035e-6
0.0002588,7.394129172939997e-12,-6.816669555802708e-6
0.0002592,4.648741200844217e-12,-6.906449758432069e-6
0.0002596,1.872025232014836e-12,-6.973308700837974e-6
0.00026000000000000003,-9.268444672658902e-13,-7.017205375871617e-6
0.00026040000000000004,-3.738662027514243e-12,-7.038021475700856e-6
0.0002608,-6.55415777244107e-12,-7.035555640406333e-6
0.0002612,-9.363964599180584e-12,-7.009522396033298e-6
0.0002616,-1.215858481407836e-11,-6.95955501928869e-6
0.000262,-1.4928359020594865e-11,-6.8852135499183435e-6
0.00026240000000000004,-1.7663439275564767e-11,-6.785997757829026e-6
0.00026280000000000005,-2.0353768393725105e-11,-6.661365016270446e-6
0.0002632,-2.2989067416624483e-11,-6.510753437709456e-6
0.0002636,-2.5558833438329716e-11,-6.333610363723716e-6
0.000264,-2.8052349855800692e-11,-6.1294259735216395e-6
0.00026440000000000003,-3.04587110341346e-11,-5.8977717018258015e-6
0.00026480000000000004,-3.2766863196159735e-11,-5.638342792471374e-6
0.00026520000000000005,-3.496566299657452e-11,-5.351003976558181e-6
0.0002656,-3.704395475302438e-11,-5.035836709149362e-6
0.000266,-3.899066657255026e-11,-4.693186320869939e-6
0.0002664,-4.079492496676858e-11,-4.323706384627413e-6
0.00026680000000000003,-4.2446186182361506e-11,-3.928397957839749e-6
0.00026720000000000004,-4.3934381690975236e-11,-3.5086405348612326e-6
0.00026760000000000005,-4.5250073977531554e-11,-3.066211906729284e-6
0.000268,-4.6384617602480723e-11,-2.6032944047657133e-6
0.0002684,-4.7330319616032896e-11,-2.1224651204476532e-6
0.00026880000000000003,-4.808059269814845e-11,-1.6266691757622063e-6
0.00026920000000000004,-4.863009409561627e-11,-1.1191755853195521e-6
0.00026960000000000005,-4.897484361976242e-11,-6.035168067159797e-7
0.00027000000000000006,-4.911231464546568e-11,-8.341482091817839e-8
0.0002704,-4.9041493241118724e-11,4.37303485943923e-7
0.0002708,-4.876290220319633e-11,9.547966244521021e-7
0.00027120000000000003,-4.827858869814557e-11,1.4652994780358127e-6
0.00027160000000000004,-4.7592075983505066e-11,1.96521024523109e-6
0.00027200000000000005,-4.670828224646769e-11,2.451168253132775e-6
0.0002724,-4.563341059120642e-11,2.920119132021919e-6
0.0002728,-4.437481611628771e-11,3.369364187629856e-6
0.0002732,-4.2940856560508555e-11,3.7965928422792412e-6
0.00027360000000000004,-4.134073347305479e-11,4.19989771911261e-6
0.00027400000000000005,-3.958433067021189e-11,4.577773369224585e-6
0.00027440000000000006,-3.76820561762701e-11,4.929100496654255e-6
0.0002748,-3.564469296085548e-11,5.2531181874127115e-6
0.0002752,-3.3483262696095956e-11,5.549387103976851e-6
0.00027560000000000003,-3.120890560590873e-11,5.81774628524898e-6
0.00027600000000000004,-2.8832778294982933e-11,6.058266816721968e-6
0.00027640000000000005,-2.636597047775362e-11,6.2712043839435825e-6
0.00027680000000000006,-2.3819440469303003e-11,6.456952570324579e-6
0.0002772,-2.120396882374099e-11,6.615999601008467e-6
0.0002776,-1.853012863323629e-11,6.748888378062806e-6
0.00027800000000000004,-1.580827087075501e-11,6.856181147108672e-6
0.00027840000000000005,-1.3048522819873505e-11,6.938429465258975e-6
0.00027880000000000005,-1.026079750297552e-11,6.996149386522241e-6
0.00027920000000000006,-7.45481200263806e-12,7.029801756692031e-6
0.0002796,-4.6401125897686175e-12,7.03977778460207e-6
0.00028000000000000003,-1.8261046274804448e-12,7.026389615636097e-6
0.00028040000000000004,9.77914699678744e-13,6.9898656115995135e-6
0.00028080000000000005,3.762722701326146e-12,6.9303502334120484e-6
0.00028120000000000006,6.51913834120213e-12,6.847908370196027e-6
0.0002816,9.237991973234842e-12,6.742533864393381e-6
0.000282,1.191009932727604e-11,6.614162184659536e-6
0.0002824,1.4526241367191546e-11,6.46268712514235e-6
0.0002828,1.7077151580135265e-11,6.287981257971591e-6
0.0002832,1.9553512171759884e-11,6.089919884577211e-6
0.0002836,2.194596053217597e-11,5.86840837114014e-6
0.000284,2.4245107174181703e-11,5.623412170145912e-6
0.0002844,2.6441566105407258e-11,5.3549888036311595e-6
0.0002848,2.852599827053726e-11,5.063321072275135e-6
0.0002852,3.0489168373531734e-11,4.7487503697004344e-6
0.0002856,3.2322014774820265e-11,4.4118086939676826e-6
0.000286,3.401573168125304e-11,4.0532478777094396e-6
0.0002864,3.556186218008553e-11,3.6740641324623906e-6
0.0002868,3.695239991959098e-11,3.2755165320106134e-6
0.0002872,3.8179896691010504e-11,2.8591378319153605e-6
0.0002876,3.923757239088307e-11,2.426734941620922e-6
0.000288,4.0119423463667707e-11,1.9803814853456934e-6
0.0002884,4.082032577184163e-11,1.5223967135114076e-6
0.0002888,4.133612717978107e-11,1.0553154262792893e-6
0.0002892,4.166372602969636e-11,5.818477290231982e-7
0.0002896,4.18011317348808e-11,1.0483019641969714e-7
0.00029,4.174750454398679e-11,-3.72829139687498e-7
0.0002904,4.150317254252805e-11,-8.482090994696942e-7
0.0002908,4.106962498923719e-11,-1.3184346678548454e-6
0.00029120000000000003,4.044948236496589e-11,-1.780733859484108e-6
0.0002916,3.9646444612483515e-11,-2.2324894506626143e-6
0.000292,3.866522009128217e-11,-2.6712832311924815e-6
0.0002924,3.7511438659323156e-11,-3.0949309171559066e-6
0.0002928,3.619155281935238e-11,-3.501506744062285e-6
0.0002932,3.4712731217045435e-11,-3.8893571367628615e-6
0.00029360000000000003,3.308274880454603e-11,-4.257103802140875e-6
0.000294,3.130987776012702e-11,-4.603637041596244e-6
0.0002944,2.9402782832000064e-11,-4.928100545932453e-6
0.0002948,2.7370424208904775e-11,-5.229869225705976e-6
0.0002952,2.52219703537049e-11,-5.508521896049658e-6
0.00029560000000000003,2.296672257946055e-11,-5.7638101646597444e-6
0.000296,2.0614052416148766e-11,-5.995625668324611e-6
0.0002964,1.8173352326057304e-11,-6.203966577304606e-6
0.0002968,1.565399962973321e-11,-6.388905230029603e-6
0.0002972,1.306533321711509e-11,-6.550556374641863e-6
0.0002976,1.0416642221577061e-11,-6.689049499415043e-6
0.00029800000000000003,7.717165435443518e-12,-6.804502875040814e-6
0.0002984,4.9761003059635396e-12,-6.897001598928829e-6
0.0002988,2.2026200020915336e-12,-6.966579224916492e-6
0.0002992,-5.941029505176294e-13,-7.013203337727035e-6
0.0002996,-3.4048680673568696e-12,-7.036765169128912e-6
0.00030000000000000003,-6.220414984127822e-12,-7.037073416667554e-6
0.00030040000000000004,-9.031389906534263e-12,-7.013852394427567e-6
0.0003008,-1.1828312313839377e-11,-6.96674469581966e-6
0.0003012,-1.4601543484616705e-11,-6.895318562623655e-6
0.0003016,-1.7341259052875635e-11,-6.799080050312894e-6
0.000302,-2.003742747982861e-11,-6.67749044706245e-6
0.00030240000000000003,-2.2679796438476195e-11,-6.529988741873552e-6
0.00030280000000000004,-2.525788930310415e-11,-6.356019536342775e-6
0.0003032,-2.776101382015417e-11,-6.1550660084327865e-6
0.0003036,-3.0178284963872794e-11,-5.9266878086016214e-6
0.000304,-3.249866381809734e-11,-5.6705631619611444e-6
0.0003044,-3.4711013991563436e-11,-5.386534231074351e-6
0.00030480000000000004,-3.68041766266448e-11,-5.074654324743607e-6
0.00030520000000000005,-3.876706421990662e-11,-4.735235060567128e-6
0.0003056,-4.0588773217149847e-11,-4.368891316807461e-6
0.000306,-4.22587133983764e-11,-3.976581089947309e-6
0.0003064,-4.376675190575743e-11,-3.5596377517453373e-6
0.00030680000000000003,-4.510336803856956e-11,-3.1197912481658874e-6
0.00030720000000000004,-4.6259813979759943e-11,-2.6591761117606226e-6
0.0003076,-4.722827562736383e-11,-2.1803237056210187e-6
0.000308,-4.8002026956171295e-11,-1.6861374710577095e-6
0.0003084,-4.857557100146328e-11,-1.1798508384187e-6
0.0003088,-4.89447606725022e-11,-6.649687279612536e-7
0.00030920000000000003,-4.9106893233702145e-11,-1.4519486283710358e-7
0.00030960000000000004,-4.906077342151517e-11,3.756516961044857e-7
0.00031,-4.880674175924725e-11,8.937263470591258e-7
0.0003104,-4.834666646588872e-11,1.405250252001984e-6
0.0003108,-4.7683899416565506e-11,1.9065980050696172e-6
0.00031120000000000003,-4.682319862662169e-11,2.394376608272329e-6
0.00031160000000000004,-4.5770621395732754e-11,2.865492495955421e-6
0.00031200000000000005,-4.453339376869972e-11,3.317202749343601e-6
0.0003124,-4.311976277186927e-11,3.747149655261651e-6
0.0003128,-4.1538838345959716e-11,4.15337778611878e-6
0.0003132,-3.980043178597043e-11,4.53433459475189e-6
0.00031360000000000003,-3.791489697162743e-11,4.8888562395154425e-6
0.00031400000000000004,-3.5892979818317074e-11,5.216141086588073e-6
0.00031440000000000005,-3.374568030861529e-11,5.515713820672257e-6
0.0003148,-3.148413030945859e-11,5.787382840355598e-6
0.0003152,-2.9119489206980475e-11,6.0311942793514035e-6
0.00031560000000000003,-2.6662858373366436e-11,6.247384206847109e-6
0.00031600000000000004,-2.4125214484024705e-11,6.436332445317155e-6
0.00031640000000000005,-2.1517361025210664e-11,6.598518037837772e-6
0.00031680000000000006,-1.884989673075545e-11,6.734479310661956e-6
0.0003172,-1.6133199232336437e-11,6.844777910284475e-6
0.0003176,-1.337742204194634e-11,6.929968098300296e-6
0.00031800000000000003,-1.0592502784182712e-11,6.990571255187363e-6
0.00031840000000000004,-7.788180577239534e-12,7.0270555885831494e-6
0.00031880000000000005,-4.97402045874292e-12,7.039821200824398e-6
0.0003192,-2.1594428271431147e-12,7.02918993164129e-6
0.0003196,6.462440634897372e-13,6.9954001697917785e-6
0.00032,3.433810438152388e-12,6.93860618593644e-6
0.00032040000000000004,6.1940719685909885e-12,6.858881942877538e-6
0.00032080000000000005,8.917859115422424e-12,6.756229110422131e-6
0.00032120000000000006,1.1595990523576382e-11,6.630589301604487e-6
0.0003216,1.4219252103378144e-11,6.481860272398037e-6
0.000322,1.6778383356400037e-11,6.309915850532696e-6
0.00032240000000000003,1.9264072442201684e-11,6.114629726781773e-6
0.00032280000000000004,2.166696136265507e-11,5.895902167542891e-6
0.00032320000000000005,2.3977662481864316e-11,5.65368984859417e-6
0.00032360000000000006,2.6186787373677293e-11,5.38803760700593e-6
0.000324,2.8284988753029514e-11,5.099111766069357e-6
0.0003244,3.0263015539372815e-11,4.78723294641971e-6
0.00032480000000000003,3.211178147507211e-11,4.4529092288841594e-6
0.00032520000000000004,3.382244575664256e-11,4.09686486770027e-6
0.00032560000000000005,3.5386504936776064e-11,3.720066003303525e-6
0.00032600000000000006,3.679589369988854e-11,3.3237398175578673e-6
0.0003264,3.804309190466517e-11,2.9093862000333883e-6
0.00032680000000000003,3.9121234481876875e-11,2.478780207704094e-6
0.00032720000000000004,4.0024220316419514e-11,2.0339643952249207e-6
0.00032760000000000005,4.0746815897602e-11,1.5772302152023726e-6
0.00032800000000000006,4.1284749410736255e-11,1.1110889790129797e-6
0.00032840000000000007,4.163479109067317e-11,6.382322929465301e-7
0.0003288,4.179481609380406e-11,1.6148457450135937e-7
0.00032920000000000003,4.176384686449206e-11,-3.162515711208097e-7
0.00032960000000000004,4.154207289004045e-11,-7.920534824265468e-7
0.00033000000000000005,4.113084686172474e-11,-1.2630376338716366e-6
0.00033040000000000006,4.05326574214048e-11,-1.7264169648953875e-6
0.0003308,3.97510798789485e-11,-2.1795534142211853e-6
0.00033120000000000003,3.879070728007485e-11,-2.6200031593526063e-6
0.00033160000000000004,3.765706518788509e-11,-3.0455526912980096e-6
0.00033200000000000005,3.6356514014321645e-11,-3.4542446516461847e-6
0.00033240000000000006,3.489614319989482e-11,-3.844392838608112e-6
0.00033280000000000007,3.3283661553165306e-11,-4.214586487741474e-6
0.0003332,3.1527287878308347e-11,-4.563684679361851e-6
0.0003336,2.963564562075588e-11,-4.8908021034443056e-6
0.000334,2.7617664703808517e-11,-5.195287628275583e-6
0.0003344,2.5482493079102917e-11,-5.476697371323245e-6
0.0003348,2.3239419830946746e-11,-5.7347641849294774e-6
0.0003352,2.0897811010594516e-11,-5.969364982647868e-6
0.0003356,1.846705872526897e-11,-6.180486882980528e-6
0.000336,1.5956543551052525e-11,-6.368194984817896e-6
0.0003364,1.3375609766437139e-11,-6.5326008321058855e-6
0.0003368,1.0733552621703483e-11,-6.673833403479523e-6
0.0003372,8.039616576818955e-12,-6.792013505424478e-6
0.0003376,5.3030032411272655e-12,-6.887231242894997e-6
0.00033800000000000003,2.5328875403731993e-12,-6.9595271100583245e-6
0.0003384,-2.615593364883926e-13,-7.0088771262760906e-6
0.0003388,-3.071141838704505e-12,-7.0351819879299236e-6
0.0003392,-5.886608440397885e-12,-7.038260371294233e-6
0.0003396,-8.698618208946335e-12,-7.0178465417620545e-6
0.00034,-1.1497707317415093e-11,-6.973592494747856e-6
0.00034040000000000003,-1.4274257330621003e-11,-6.905074734230622e-6
0.0003408,-1.7018467169778498e-11,-6.811805889169325e-6
0.0003412,-1.9720330743246493e-11,-6.693251460041964e-6
0.0003416,-2.236962230236543e-11,-6.548851777508279e-6
0.000342,-2.4955891624603567e-11,-6.378049144654577e-6
0.00034240000000000003,-2.7468471124934415e-11,-6.1803202352411145e-6
0.0003428,-2.9896496930917994e-11,-5.955213505829486e-6
0.0003432,-3.222894577978482e-11,-5.702390862497084e-6
0.0003436,-3.445468929382432e-11,-5.4216725416944174e-6
0.000344,-3.65625667151702e-11,-5.113084298091052e-6
0.0003444,-3.8541476596592025e-11,-4.776904776684261e-6
0.00034480000000000003,-4.03804870909004e-11,-4.413710643084495e-6
0.0003452,-4.206896356019192e-11,-4.02441734843604e-6
0.0003456,-4.3596710991743643e-11,-3.6103124142297927e-6
0.000346,-4.4954127760015274e-11,-3.173078042093696e-6
0.0003464,-4.613236594030463e-11,-2.714800896369703e-6
0.0003468,-4.712349245858202e-11,-2.237966224757673e-6
0.00034720000000000004,-4.792064457553434e-11,-1.7454352214422361e-6
0.0003476,-4.851817282041156e-11,-1.240404949077174e-6
0.000348,-4.8911764535060234e-11,-7.263516716570246e-7
0.0003484,-4.9098541764312005e-11,-2.0695972285081624e-7
0.0003488,-4.9077128313841556e-11,3.1396094816232617e-7
0.00034920000000000003,-4.884768229129947e-11,8.325639191481088e-7
0.00034960000000000004,-4.8411892404384953e-11,1.3450577163170895e-6
0.00035,-4.777293802888462e-11,1.8477946623701242e-6
0.0003504,-4.69354154899792e-11,2.337350320336665e-6
0.0003508,-4.590523443985028e-11,2.810592588017396e-6
0.0003512,-4.4689489787678485e-11,3.264734873961837e-6
0.00035160000000000004,-4.3296315617367595e-11,3.697372524103916e-6
0.00035200000000000005,-4.1734727982259286e-11,4.106502089564036e-6
0.0003524,-4.001446341712998e-11,4.4905237166857304e-6
0.0003528,-3.814581953450682e-11,4.848228634953606e-6
0.0003532,-3.613950325158459e-11,5.178774018975952e-6
0.00035360000000000003,-3.400649113947126e-11,5.481647924951231e-6
0.00035400000000000004,-3.1757905239185195e-11,5.756627541011165e-6
0.0003544,-2.940490651477041e-11,6.003733154474479e-6
0.0003548,-2.6958607077878858e-11,6.223181013825106e-6
0.0003552,-2.4430001241679858e-11,6.415335989135054e-6
0.0003556,-2.1829915019708683e-11,6.580667696983497e-6
0.00035600000000000003,-1.9168972552657182e-11,6.719709387146564e-6
0.00035640000000000004,-1.6457578086792725e-11,6.833021651999321e-6
0.0003568,-1.3705911477761048e-11,6.9211610592186575e-6
0.0003572,-1.0923935200935606e-11,6.984654027063949e-6
0.0003576,-8.121410755170643e-12,7.023975986092531e-6
0.00035800000000000003,-5.307922360632259e-12,7.039535710771094e-6
0.00035840000000000004,-2.4929059109963894e-12,7.031664695367349e-6
0.00035880000000000005,3.1431879519063574e-13,7.000611343391398e-6
0.0003592,3.1045144316743348e-12,6.946539790310868e-6
0.0003596,5.868492945239981e-12,6.869533171416528e-6
0.00036,8.597084526894141e-12,6.769601181465835e-6
0.00036040000000000003,1.1281110441668538e-11,6.646691786097216e-6
0.00036080000000000004,1.3911361350623789e-11,6.500706947497851e-6
0.00036120000000000005,1.6478582699682744e-11,6.3315222023902655e-6
0.0003616,1.897346867487891e-11,6.139009872967431e-6
0.000362,2.138666611807973e-11,5.923065595726311e-6
0.0003624,2.3708789645307678e-11,5.6836377162864014e-6
0.00036280000000000004,2.593044899987928e-11,5.420758929331369e-6
0.00036320000000000005,2.8042289356602765e-11,5.134579337379582e-6
0.00036360000000000006,3.003504496560336e-11,4.8253996802798115e-6
0.000364,3.18996060078619e-11,4.493704034149408e-6
0.0003644,3.3627097972918174e-11,4.140189716080674e-6
0.00036480000000000003,3.520897229505943e-11,3.7657929572222527e-6
0.00036520000000000004,3.663710620431577e-11,3.371709276835073e-6
0.00036560000000000005,3.7903909192572766e-11,2.9594058811857938e-6
0.000366,3.9002432765362707e-11,2.5306254143508318e-6
0.0003664,3.992647966097971e-11,2.0873794263967094e-6
0.0003668,4.0670708346742767e-11,1.6319312299983733e-6
0.00036720000000000004,4.123072846954923e-11,1.1667679107920604e-6
0.00036760000000000004,4.160318304237929e-11,6.94562039062543e-7
0.00036800000000000005,4.178581356511497e-11,2.1812499508452596e-7
0.0003684,4.177750495505267e-11,-2.5964681806287327e-7
0.0003688,4.157830775081532e-11,-7.358300551738814e-7
0.00036920000000000003,4.11894383353798e-11,-1.207533452622024e-6
0.00036960000000000004,4.061325243262114e-11,-1.671955825539369e-6
0.00037000000000000005,3.985319977554862e-11,-2.126438739822921e-6
0.00037040000000000006,3.8913756901825005e-11,-2.568513299389788e-6
0.0003708,3.780034370001318e-11,-2.9959371229312045e-6
0.0003712,3.651922699951298e-11,-3.4067215044522377e-6
0.00037160000000000003,3.5077415489522085e-11,-3.799147653605305e-6
0.00037200000000000004,3.3482550292248994e-11,-4.171772249544735e-6
0.00037240000000000005,3.174279535309054e-11,-4.52342298011104e-6
0.00037280000000000006,2.9866731432012894e-11,-4.8531852106016635e-6
0.0003732,2.786325694183101e-11,-5.160381317851434e-6
0.00037360000000000003,2.574149823684302e-11,-5.444544486560022e-6
0.00037400000000000004,2.351073127640558e-11,-5.705388237907445e-6
0.00037440000000000005,2.1180315900924742e-11,-5.942774041556452e-6
0.00037480000000000006,1.8759643351752525e-11,-6.156677840279043e-6
0.00037520000000000007,1.6258097113454168e-11,-6.347157126052353e-6
0.0003756,1.3685026658248862e-11,-6.514319424374876e-6
0.00037600000000000003,1.1049733345668712e-11,-6.6582931385329274e-6
0.00037640000000000004,8.36146742479014e-12,-6.779201293118195e-6
0.00037680000000000005,5.6294348807078945e-12,-6.877138636454693e-6
0.00037720000000000006,2.862812721129963e-12,-6.952152402084226e-6
0.0003776,7.077119566022392e-14,-7.004226930297607e-6
0.000378,-2.7374986328768197e-12,-7.033272286646082e-6
0.00037840000000000004,-5.552753603375539e-12,-7.0391170706096574e-6
0.00037880000000000005,-8.365665150097718e-12,-7.021505532862606e-6
0.00037920000000000006,-1.1166785726341618e-11,-6.980099154808023e-6
0.00037960000000000007,-1.3946516784162482e-11,-6.914482893084942e-6
0.00038,-1.669508020061523e-11,-6.824176169826681e-6
0.00038040000000000003,-1.9402495128692564e-11,-6.708649052871559e-6
0.00038080000000000004,-2.205856233011635e-11,-6.567343518017519e-6
0.00038120000000000005,-2.465285807805037e-11,-6.3996999986046105e-6
0.00038160000000000006,-2.717473975131448e-11,-6.205189339188084e-6
0.00038200000000000007,-2.961336514932953e-11,-5.983349297427284e-6
0.0003824,-3.1957727423617614e-11,-5.733826073472288e-6
0.00038280000000000003,-3.419670722759458e-11,-5.456418692170427e-6
0.00038320000000000004,-3.631914321849241e-11,-5.151126005485763e-6
0.00038360000000000005,-3.831392150814676e-11,-4.818194251494307e-6
0.000384,-4.0170083794885244e-11,-4.45816252215933e-6
0.0003844,-4.1876953009135855e-11,-4.071904246049114e-6
0.00038480000000000003,-4.3424274157455473e-11,-3.660661347218192e-6
0.0003852,-4.480236695224475e-11,-3.22606846385169e-6
0.0003856,-4.600228563360149e-11,-2.7701642781322917e-6
0.000386,-4.7015980347926185e-11,-2.2953876308218844e-6
0.0003864,-4.7836453661012093e-11,-1.8045568786370024e-6
0.0003868,-4.8457905339879394e-11,-1.300831907097416e-6
0.00038720000000000003,-4.8875858541546646e-11,-7.876593611939662e-7
0.0003876,-4.908726104201015e-11,-2.687030016422097e-7
0.000388,-4.909055617406122e-11,2.5223749715680466e-7
0.0003884,-4.888571958193369e-11,7.713154822884705e-7
0.0003888,-4.8474259885995595e-11,1.2847277792058388e-6
0.00038920000000000003,-4.785918292100806e-11,1.7888056424716716e-6
0.0003896,-4.7044921873118744e-11,2.2800942314598727e-6
0.00039,-4.603723693406318e-11,2.7554236878084573e-6
0.0003904,-4.4843089809909104e-11,3.2119641601657384e-6
0.0003908,-4.347049942377797e-11,3.6472643908915932e-6
0.0003912,-4.192838566347954e-11,4.059272908488383e-6
0.00039160000000000003,-4.022640805574171e-11,4.4463423931428e-6
0.000392,-3.8374805807851625e-11,4.8072187960823954e-6
0.0003924,-3.6384244872224955e-11,5.141017534202814e-6
0.0003928,-3.4265676662011055e-11,5.447189520706426e-6
0.0003932,-3.20302118935091e-11,5.72548004408486e-6
0.0003936,-2.968901187480692e-11,5.975883026647e-6
0.00039400000000000004,-2.725319846722069e-11,6.198593855012534e-6
0.0003944,-2.4733782965811447e-11,6.393962214306295e-6
0.0003948,-2.214161338234627e-11,6.562447653991384e-6
0.0003952,-1.948733903724035e-11,6.7045776792298595e-6
0.0003956,-1.678139073184956e-11,6.820911465260668e-6
0.00039600000000000003,-1.4033974767669904e-11,6.912007528668058e-6
0.00039640000000000004,-1.125507870344996e-11,6.978397010096023e-6
0.0003968,-8.454486754006337e-12,7.020562340329405e-6
0.0003972,-5.641802731748087e-12,7.0389208448652775e-6
0.0003976,-2.8264784807802818e-12,7.0338135638117765e-6
0.000398,-1.784581904252606e-14,7.005498917005316e-6
0.00039840000000000003,2.7748499073095176e-12,6.954150939804972e-6
0.00039880000000000004,5.542416481883719e-12,6.879862071590341e-6
0.0003992,8.275683442874193e-12,6.782650171637468e-6
0.0003996,1.0965474367889634e-11,6.662469774094932e-6
0.0004,1.3602584461433165e-11,6.51922736511949e-6
