phase_data,a_data1,a_data2,a_data3,a_data4,a_data5,a_data6,a_data7,a_data8,a_data9,a_data10,a_data11,a_data12,a_data13,a_data14,a_data15
4.85708e-06,8.0625e-06,1.1475e-07,-1.0687e-05,9.1343e-06,8.111e-06,6.834e-06,6.7566e-07,1.1658e-06,-5.3025e-06,2.635e-06,2.9658e-06,2.0374e-06,8.4953e-06,1.8978e-06,-1.7744e-06
9.71416e-06,2.6311e-05,6.5275e-06,3.2697e-06,-8.1433e-06,5.1195e-06,4.5533e-06,-4.8544e-06,-8.8085e-06,5.4422e-06,1.1056e-05,-9.9576e-06,5.5406e-06,2.9999e-06,6.2859e-06,6.4171e-07
1.6121917e-05,1.9169e-05,-5.8519e-06,3.2265e-06,-1.2063e-05,-1.2739e-05,9.8715e-06,-2.6065e-06,-4.7877e-06,9.0205e-07,3.5559e-06,3.7045e-06,4.9062e-06,-4.3474e-06,-1.7916e-06,-7.6832e-06
2.2529674e-05,-3.4112e-05,-9.7351e-06,2.2403e-06,-2.5264e-05,-1.3309e-05,-2.9318e-06,3.6735e-06,6.8779e-07,-3.4466e-06,-2.396e-06,-1.0354e-05,-8.3065e-06,-1.2629e-06,-6.7697e-06,1.0728e-05
3.0539371e-05,-3.0759e-05,4.7395e-06,-3.8209e-07,-2.4671e-05,1.5318e-06,1.6624e-06,-1.6482e-07,-2.2627e-05,-3.0147e-06,2.7101e-06,-4.1387e-06,-3.365e-07,7.0201e-06,-6.8884e-07,-1.4768e-05
3.8549067e-05,-6.5507e-07,-4.0797e-05,4.9163e-06,-8.3132e-06,-1.4033e-06,1.9826e-06,-5.1495e-06,6.4239e-06,-5.5774e-07,1.8424e-06,-7.9213e-06,1.0633e-06,-5.0791e-06,-1.4662e-06,3.9429e-06
5.1364582e-05,-3.2467e-05,-3.5639e-05,2.3649e-08,-5.0054e-06,-8.6834e-06,5.23e-06,-9.6071e-06,3.9943e-06,2.6784e-06,8.7135e-06,-1.029e-06,-1.7226e-06,-2.7252e-06,-2.6157e-06,-2.5763e-06
6.4180096e-05,-5.412e-06,-5.7825e-05,1.2419e-05,-6.0909e-06,-1.5801e-05,3.9922e-06,-5.1378e-06,-1.1377e-06,8.1578e-06,-9.953e-06,-8.0444e-07,-5.9327e-06,-2.2956e-06,-2.3189e-08,-4.6303e-06
8.5005307e-05,1.26e-05,1.2576e-05,2.018e-06,7.3818e-06,1.4132e-06,-3.0403e-05,-1.9393e-05,2.491e-06,3.946e-07,5.5972e-06,2.6161e-06,8.0398e-06,2.3163e-06,-9.5945e-06,5.6241e-07
0.000105830518,7.1574e-05,6.0117e-06,-4.241e-05,-2.4054e-06,-5.9682e-07,-2.2251e-05,-2.3058e-05,2.5805e-06,-1.5482e-05,6.7491e-06,7.8361e-06,3.0229e-06,-4.6995e-06,-2.7206e-06,1.0128e-06
0.000134665425,5.0969e-05,-2.5048e-05,-1.8826e-05,-2.2559e-05,-8.4963e-06,-1.387e-05,-1.4379e-05,-7.096e-06,-2.1814e-05,-2.1448e-06,-2.1086e-06,-3.3022e-06,-3.731e-07,-2.2543e-06,-2.1083e-06
0.000163500332,8.9031e-05,3.7347e-05,7.5778e-06,-6.1109e-06,-3.3965e-05,2.067e-05,-6.2903e-06,-1.5969e-05,-5.4109e-06,-1.8379e-05,9.2967e-07,-9.3313e-06,4.7765e-06,1.4373e-05,-1.011e-05
0.000198742997,0.00018168,-8.064e-06,-3.4345e-05,5.6269e-05,-2.9698e-05,1.2176e-05,-1.1327e-05,-8.2844e-06,1.8156e-06,-2.9004e-05,-4.3146e-06,-6.4417e-06,2.7541e-06,9.3408e-06,-1.1366e-05
0.000233985661,0.00029542,-8.4698e-05,2.2742e-05,1.1013e-06,-1.877e-05,1.3741e-06,-5.1592e-06,-8.9495e-06,-5.8657e-06,-3.3082e-05,-1.6996e-05,-1.1717e-05,1.0561e-06,-2.2575e-06,2.4528e-06
0.000288451597,0.00043799,2.0971e-05,3.0983e-05,2.6075e-05,-3.4436e-05,-3.1738e-06,-1.0533e-05,-1.2717e-05,-2.2422e-05,-4.4395e-05,-2.5765e-05,-1.1151e-05,5.166e-07,5.9156e-06,-9.7037e-06
0.000342917533,0.00055455,8.7113e-05,-7.9195e-05,1.7531e-05,-2.0493e-06,-1.6171e-05,-3.4005e-07,-1.1057e-05,-2.465e-05,-2.564e-05,-9.53e-06,-2.1853e-05,9.5576e-06,-2.6366e-06,1.3955e-05
0.000416606228,0.00076294,5.5077e-05,-9.2523e-06,-9.7541e-06,4.8899e-05,-1.878e-05,1.0044e-05,-6.1377e-06,-2.3617e-05,-3.9799e-05,-1.7295e-05,1.0289e-06,9.2066e-06,7.7028e-06,9.7788e-06
0.000490294923,0.00087489,-5.0783e-05,7.2437e-06,6.172e-05,-6.8015e-06,1.7365e-05,1.9572e-05,6.3471e-06,-1.968e-05,-2.2531e-05,-1.9473e-05,-2.5918e-06,5.9588e-06,7.9054e-07,5.5488e-06
0.000589615159,0.00097323,-5.9878e-05,-0.0001078,1.6698e-05,-3.8525e-05,3.5751e-05,2.8203e-05,1.5126e-06,-2.4029e-06,-1.7019e-05,-1.8979e-05,6.4446e-06,6.1199e-06,1.1197e-05,-4.1905e-06
0.000688935395,0.0012821,-1.4184e-05,4.0485e-05,2.1507e-05,-1.5006e-06,1.6617e-05,3.8808e-05,1.1693e-05,1.9826e-05,-2.4419e-05,-6.9523e-06,1.3243e-06,4.3523e-06,1.2669e-05,-1.3426e-05
0.000812285234,0.0015649,3.7654e-05,-4.8034e-05,8.8736e-05,3.6332e-05,1.3078e-05,4.0363e-05,2.8871e-05,3.1375e-05,-1.4021e-05,-1.0287e-05,6.3859e-06,-1.6663e-05,1.5552e-06,-2.4262e-05
0.000935635072,0.001741,-7.0324e-05,-4.1587e-05,-2.3951e-05,1.0937e-05,-6.0975e-07,3.32e-05,3.2508e-05,1.3691e-05,-3.7895e-07,-5.5551e-06,5.6931e-06,-1.0245e-05,3.7613e-06,-1.3582e-05
0.001097430428,0.002142,-4.1267e-06,4.3833e-05,-3.7908e-05,-1.4353e-05,2.8613e-06,1.147e-05,2.0664e-05,1.9239e-05,2.8132e-05,5.7157e-06,7.4909e-06,-1.0018e-05,1.3398e-05,-7.6838e-06
0.001259225784,0.0025138,4.8381e-05,-6.2064e-05,2.9977e-05,4.5782e-05,1.768e-06,-5.5103e-06,5.052e-05,3.9519e-05,3.6449e-05,3.0127e-05,-4.483e-06,-4.0399e-06,1.3208e-05,-1.2665e-05
0.001461070135,0.0028804,4.2471e-05,-1.2569e-05,-2.0797e-05,3.1541e-05,1.4178e-05,-6.8341e-07,3.6759e-05,5.4498e-05,4.0805e-05,2.654e-05,8.6443e-06,-3.0984e-05,-1.0131e-05,-1.5164e-05
0.001662914486,0.0031842,-1.15e-05,9.1633e-05,-5.2331e-05,-9.7206e-06,4.5375e-05,-1.7945e-06,1.7934e-05,3.5884e-05,2.4472e-05,3.2811e-05,9.5432e-06,-1.9876e-05,2.4355e-06,-3.1258e-06
0.00190320538,0.0035238,9.6754e-06,1.9038e-05,-1.3266e-05,-1.9889e-05,2.8801e-05,-2.4239e-05,-1.9501e-06,3.5331e-05,1.5581e-05,4.4972e-05,2.2524e-06,-7.583e-07,6.2957e-06,-1.0484e-05
0.002143496274,0.0039783,7.9971e-05,0.00011397,-1.5019e-05,6.5025e-06,-1.595e-05,-2.1249e-05,-5.0587e-07,4.7127e-05,8.445e-06,3.8045e-05,-1.2404e-05,8.3745e-07,5.1177e-06,-8.0662e-06
0.002419027783,0.0043399,4.3236e-05,2.9172e-05,2.1851e-05,4.8442e-05,-2.6678e-05,-3.1527e-05,1.1115e-06,2.9948e-05,1.325e-05,3.7608e-05,-5.5877e-06,-1.1088e-05,9.9079e-06,1.9633e-06
0.002694559291,0.00482,5.9456e-05,-2.446e-05,-5.4015e-05,-1.7178e-05,2.1666e-05,-2.1477e-05,-3.5962e-05,5.8083e-06,-7.2769e-06,1.108e-05,-1.4038e-05,-1.8602e-07,1.138e-05,-1.5659e-05
0.002997323254,0.0051982,0.00010116,4.0564e-05,1.2925e-05,2.8738e-05,1.7038e-05,-5.4901e-05,-1.9257e-05,1.1437e-05,-4.134e-06,4.2735e-06,-1.9021e-05,1.3163e-05,2.4303e-05,-1.1871e-05
0.003300087218,0.0056203,9.4597e-05,-7.4106e-05,7.1091e-05,6.134e-05,-1.825e-05,-8.1821e-05,-4.195e-05,-1.6941e-05,-3.7746e-06,8.4176e-06,-7.991e-06,1.2506e-05,1.3169e-06,7.0803e-06
0.003614067319,0.0059684,1.2896e-05,-1.4867e-05,7.3263e-07,-2.5954e-06,1.4954e-07,-6.6093e-05,-5.7846e-05,-5.8446e-05,-3.1125e-05,1.0932e-05,-8.7639e-07,1.7302e-05,-8.8847e-06,9.9393e-06
0.003928047421,0.0061574,5.0343e-05,9.994e-05,-6.7145e-05,-1.981e-05,1.185e-06,2.972e-05,-3.5489e-05,-4.7869e-05,-5.7666e-05,4.3313e-06,-3.4484e-06,2.8547e-05,1.4349e-06,2.188e-05
0.004240428146,0.0065482,7.137e-05,-2.7492e-05,-3.3145e-05,7.0248e-06,6.1708e-06,7.7199e-05,-1.7521e-05,-3.5798e-05,-5.1163e-05,-1.9748e-05,-6.5998e-06,2.9415e-05,-9.2002e-06,1.5436e-05
0.004552808872,0.0067977,-6.6503e-05,6.0818e-05,2.1871e-05,-3.5638e-05,4.8565e-05,2.1388e-05,-7.5978e-08,-8.1138e-05,-3.2585e-05,-4.3293e-05,3.6411e-05,-4.6567e-06,-1.2369e-05,-6.3398e-07
0.004853973459,0.0069863,-1.931e-05,8.484e-05,5.0846e-06,-5.2946e-05,1.82e-05,-1.2864e-05,1.6695e-05,-0.00010188,-1.6347e-05,-2.1178e-05,2.2644e-05,7.897e-06,-1.6852e-05,-7.6581e-06
0.005155138047,0.0072435,2.4486e-05,2.2246e-05,-1.8582e-05,-9.6695e-06,5.4545e-06,2.967e-05,3.1296e-06,-7.4256e-05,-4.2653e-06,-1.6939e-05,5.7369e-07,2.418e-05,-1.9784e-05,9.8755e-07
0.005437079362,0.0074824,-6.0425e-05,4.7237e-05,2.6502e-05,5.0153e-05,-2.6296e-05,4.7732e-05,-1.1967e-05,-2.5521e-05,-9.5358e-06,-3.0022e-05,-2.039e-06,2.2045e-05,-4.2256e-06,3.4542e-06
0.005719020678,0.0076712,2.8359e-05,2.4144e-05,8.4269e-05,1.1051e-05,-6.6035e-05,3.0542e-05,3.8715e-06,2.887e-05,2.524e-05,-3.3714e-05,-1.4233e-05,1.2525e-05,3.5586e-06,-1.5594e-05
0.005980139346,0.007842,1.4481e-05,-3.8706e-06,7.0355e-05,-2.9586e-05,-1.3986e-05,2.532e-05,4.1327e-05,1.5033e-05,3.1993e-05,-1.4471e-05,3.5502e-05,2.1818e-06,-1.5503e-05,-8.9336e-06
0.006241258014,0.0081047,1.3233e-05,0.0001052,2.5259e-05,-1.4757e-05,-5.4507e-05,2.3839e-05,3.4029e-05,1.5968e-05,1.6651e-05,-1.1457e-05,3.5665e-05,1.2627e-05,1.2876e-06,2.9384e-06
0.006483153411,0.0083385,0.00015376,6.2031e-05,6.8448e-05,4.2184e-05,-9.0495e-05,6.4825e-05,3.6152e-05,2.9457e-05,3.8717e-06,1.675e-05,-2.8035e-05,1.5523e-05,-7.9534e-06,-4.1131e-06
0.006725048807,0.0085128,0.00014574,4.0858e-05,4.4486e-05,9.5264e-06,-6.4442e-05,8.4172e-05,3.3868e-05,5.603e-06,2.3596e-05,3.444e-06,-4.7433e-05,-4.3195e-06,-1.7304e-06,5.0105e-07
0.006946111304,0.008801,0.00028606,0.00018219,6.2024e-05,1.1869e-05,-4.1673e-05,5.2712e-05,4.1325e-05,1.5808e-05,3.1398e-05,-6.7901e-06,-2.3699e-05,-1.476e-05,7.9135e-08,2.6189e-06
0.0071671738,0.0090408,0.00033068,0.00011383,5.5392e-05,5.7117e-05,-1.7052e-05,-4.1998e-06,2.378e-05,4.8441e-05,6.6774e-06,-3.7521e-05,-1.139e-05,-6.8355e-06,-3.7888e-06,-1.8365e-05
0.007377030411,0.0093077,0.00036436,0.00016948,8.0725e-05,5.4457e-05,3.1647e-05,-4.4919e-05,1.4175e-05,5.1284e-05,-1.0712e-06,-6.6687e-06,-3.983e-05,1.6033e-05,1.5405e-05,-3.4718e-05
0.007586887021,0.009499,0.00049537,0.0003449,0.00021199,0.00011976,5.4649e-05,-3.3426e-05,-2.8817e-05,3.7298e-05,1.0805e-05,-1.1408e-05,-4.9719e-05,1.0342e-05,6.8359e-06,-5.9887e-06
0.007788726246,0.009643,0.00059577,0.00040917,0.00026487,0.00016769,0.00010473,-2.5815e-05,-4.8634e-05,-1.21e-06,-1.4587e-06,-9.6717e-07,-2.8918e-05,-5.5844e-06,-3.6327e-06,2.2005e-06
0.007990565471,0.0098132,0.0007197,0.00056476,0.00020596,0.00019217,0.00015479,1.4472e-05,-1.8161e-05,-1.1569e-05,-2.5689e-05,1.1409e-05,4.3438e-07,6.5127e-06,3.0709e-05,1.5609e-05
0.008192414948,0.0099191,0.00085664,0.00068149,0.00029331,0.00020624,0.00016856,4.72e-05,1.665e-07,-5.2762e-05,-4.9968e-05,-2.4389e-05,3.423e-05,-6.1273e-06,2.0486e-05,8.2633e-06
0.008394264426,0.010196,0.0010077,0.00066089,0.00043669,0.00026557,0.00019989,5.4813e-05,5.123e-05,-5.6026e-05,-5.0692e-05,-2.0703e-05,8.9245e-06,-1.5555e-05,-2.2941e-05,1.3976e-06
0.008592904898,0.010334,0.0011636,0.00093464,0.0005004,0.00038249,0.00024708,7.0543e-05,6.7149e-05,-2.3034e-05,-1.5222e-05,-1.2229e-05,-3.4641e-05,1.6135e-07,-6.0199e-07,-1.1464e-05
0.008791545371,0.01047,0.0014318,0.0010753,0.00054416,0.00049295,0.00031185,9.9975e-05,4.4937e-05,-5.4411e-06,3.3093e-06,-3.487e-05,-4.9176e-06,-2.9038e-05,1.0911e-05,-1.5368e-05
0.008993384595,0.010716,0.0016573,0.0012421,0.00065232,0.00050387,0.00038454,0.00017165,9.9465e-05,-1.0294e-05,2.7816e-05,-3.1878e-05,5.0939e-05,-7.1951e-06,-1.3193e-05,-2.4873e-05
0.00919522382,0.010805,0.0019157,0.0014846,0.00084122,0.00061927,0.00039149,0.00025819,0.00014179,8.5803e-06,6.5184e-05,2.7923e-05,1.937e-05,-4.2893e-06,-4.9959e-06,-2.4879e-05
0.009397073298,0.010985,0.0022443,0.0017259,0.0010134,0.00077424,0.00039972,0.00034719,0.00011132,-1.1362e-05,9.9963e-05,6.2566e-05,6.7806e-06,-1.9442e-05,7.4475e-06,-1.6089e-05
0.009598922775,0.011171,0.0024585,0.0019934,0.0012309,0.00095695,0.00049766,0.00043165,0.00018588,3.5985e-05,7.8905e-05,8.5919e-05,1.6909e-05,-2.3496e-05,-4.8864e-05,1.0303e-06
0.009807169757,0.011366,0.0028317,0.0023016,0.0014594,0.0011453,0.00066155,0.00056242,0.00031143,0.0001236,5.5718e-05,8.7052e-05,4.9378e-05,-1.6334e-05,-1.0318e-05,8.4155e-06
0.01001541674,0.011515,0.0031661,0.0026227,0.0017955,0.0013684,0.0008681,0.00070799,0.00036519,0.00013386,6.1013e-05,0.00010191,0.00011478,1.6049e-05,1.7648e-05,5.9852e-06
0.01021886559,0.01159,0.0034452,0.0030353,0.0020525,0.0016023,0.0010639,0.00086707,0.00043876,0.00016721,9.9253e-05,0.00011015,0.00011563,2.0586e-05,-8.1814e-06,-5.7582e-06
0.01042231445,0.011769,0.0038153,0.0034246,0.0024019,0.0019062,0.001236,0.0010157,0.00050888,0.0002258,0.00017437,0.00012958,5.2296e-05,4.64e-05,-3.0836e-05,-1.4537e-06
0.01063057168,0.011898,0.0040794,0.0037643,0.0028182,0.0022682,0.0014647,0.0011992,0.00053503,0.00023553,0.00021216,0.0001277,3.0735e-05,5.8953e-05,3.1315e-05,-2.8016e-05
0.01083882891,0.012001,0.0043787,0.0042096,0.0031354,0.0025944,0.0017251,0.001406,0.0006051,0.00027277,0.00018668,0.0001448,6.6169e-05,5.0456e-05,4.8238e-05,-3.5705e-05
0.01104547652,0.012191,0.0047226,0.004593,0.0035391,0.0029272,0.0020121,0.0016927,0.00074969,0.00033587,0.00021081,0.00018678,7.0682e-05,3.6698e-05,8.1879e-06,1.7429e-05
0.01125212413,0.012313,0.0050261,0.0048984,0.0039001,0.0032972,0.0022832,0.0020132,0.00090021,0.00034842,0.0002775,0.00021667,8.9029e-05,4.7149e-05,3.5351e-05,1.9211e-05
0.01144916522,0.012467,0.0053747,0.0052352,0.0041689,0.0036188,0.0025899,0.0023239,0.0011078,0.0003852,0.00030173,0.000192,0.0001096,4.5028e-05,5.5243e-05,1.0435e-05
0.01164620632,0.012601,0.0056457,0.0054782,0.0045739,0.0040103,0.002947,0.0026571,0.0013091,0.00043079,0.00029257,0.00019755,9.781e-05,7.4688e-05,4.2914e-05,3.3582e-05
0.01183843903,0.012831,0.0059653,0.0057235,0.0048765,0.0043726,0.0033299,0.0029583,0.001467,0.00044587,0.0003492,0.0002818,0.00012388,9.1293e-05,5.5592e-05,8.1095e-05
0.01203067175,0.013015,0.0062595,0.0060946,0.0051541,0.004665,0.0037427,0.0032844,0.0017026,0.00052286,0.00046839,0.00035095,0.00017075,0.00011362,9.1402e-05,5.0805e-05
0.01221488708,0.013159,0.006527,0.006249,0.0055188,0.0049381,0.004107,0.0036351,0.002021,0.0006288,0.00055921,0.00040514,0.00017846,0.00016129,6.4742e-05,1.2623e-05
0.01239910241,0.013345,0.0067909,0.006475,0.0057029,0.0051715,0.0044709,0.0039968,0.0024103,0.00070609,0.00065762,0.00048068,0.00018085,0.00021402,9.3463e-05,3.6373e-05
0.01257851961,0.013541,0.0070897,0.0068203,0.0059875,0.0054425,0.0048078,0.0042803,0.0027486,0.00086874,0.00079436,0.00064203,0.00029041,0.00028314,0.00014969,3.2476e-05
0.01275793681,0.013734,0.0073496,0.0069668,0.0062706,0.0056465,0.0051481,0.0045336,0.0030259,0.0010613,0.00099408,0.00076656,0.0004341,0.00035515,0.00014541,7.0334e-05
0.01293094625,0.013941,0.0075613,0.0072788,0.0064518,0.0058199,0.0054466,0.0047917,0.0034115,0.0013107,0.0012822,0.0009519,0.00053022,0.00047169,0.00016985,9.842e-05
0.0131039557,0.014143,0.007778,0.0074171,0.0067391,0.0060517,0.005675,0.0050197,0.0037754,0.0016213,0.0016046,0.0011701,0.00067089,0.00060535,0.00025269,0.00013114
0.01327536577,0.014351,0.0080483,0.0076294,0.0069479,0.0062894,0.0059193,0.0053841,0.0041164,0.0019329,0.0019026,0.0014261,0.00087754,0.00073094,0.00025702,0.00014588
0.01344677583,0.014459,0.008218,0.007916,0.0071847,0.0065367,0.0061381,0.0056213,0.0044718,0.0023184,0.0022631,0.001763,0.0011017,0.00088078,0.00029498,0.0001802
0.01362138465,0.014662,0.008429,0.0080375,0.0073631,0.0067404,0.0063421,0.0058461,0.0048318,0.0027291,0.0027109,0.002095,0.0013428,0.0010381,0.00038515,0.00022141
0.01379599347,0.014862,0.0086243,0.0082565,0.0076109,0.0069833,0.0065416,0.0060945,0.0052337,0.0030799,0.0030961,0.0024379,0.0016237,0.001234,0.00047103,0.00029264
0.01397061255,0.015003,0.0088081,0.0084849,0.0077729,0.0072379,0.0067157,0.0063327,0.0055126,0.0034507,0.0034327,0.0027686,0.0019571,0.001479,0.00056674,0.00043323
0.01414523162,0.015206,0.0090333,0.0086715,0.0079231,0.0075005,0.0069022,0.0066111,0.005716,0.0038576,0.0038176,0.0031755,0.002288,0.0017765,0.00069063,0.00050476
0.01431663143,0.015339,0.0091631,0.0088885,0.0081697,0.0078096,0.0071159,0.006844,0.0059477,0.0042597,0.0041474,0.003589,0.0027475,0.0020632,0.00088596,0.00057083
0.01448803125,0.015476,0.0093686,0.0090598,0.008349,0.0080947,0.0073731,0.0071318,0.0062441,0.0046136,0.0044536,0.003947,0.003053,0.0024199,0.0010823,0.00075413
0.01465143418,0.015583,0.0095143,0.0092895,0.0085599,0.0083682,0.0076718,0.0073857,0.0064265,0.0049081,0.004776,0.0043105,0.0033769,0.0027154,0.0013025,0.0010062
0.01481483712,0.01572,0.0096293,0.0095061,0.0087403,0.0086598,0.0079231,0.0076595,0.0065585,0.0051893,0.0050724,0.004692,0.0037937,0.0030673,0.0015491,0.0011976
0.01564784555,0.015842,0.0098033,0.0096702,0.0089503,0.0089586,0.0081722,0.0080102,0.0068597,0.0054425,0.0053138,0.0049718,0.0041751,0.0034252,0.0018004,0.0013883
0.01576959294,0.015936,0.0099548,0.0098466,0.0091776,0.0092086,0.008468,0.0082428,0.0070877,0.0056861,0.0055769,0.005235,0.0043816,0.0037493,0.0020578,0.0015982
0.01589134032,0.01607,0.010088,0.010058,0.009343,0.0094766,0.0087007,0.0085235,0.0072951,0.0058932,0.0058042,0.0055294,0.0047546,0.004074,0.0023677,0.0017979
0.01600508058,0.016155,0.010252,0.010228,0.0095383,0.0097235,0.0089244,0.0087805,0.0075429,0.0061136,0.006049,0.0057795,0.0049695,0.0044688,0.0027233,0.0020271
0.01611882083,0.016273,0.010401,0.01032,0.0097717,0.0098661,0.009127,0.0089689,0.0077484,0.0064131,0.0063559,0.0060561,0.005231,0.0047788,0.0030283,0.0023141
0.01623255083,0.016383,0.010533,0.01049,0.0099291,0.0099793,0.0093659,0.0092113,0.007988,0.0066242,0.0066559,0.0062195,0.0055615,0.0050349,0.0033226,0.0025438
0.01634628083,0.016522,0.010704,0.010672,0.010115,0.010103,0.0095882,0.0093948,0.008274,0.00687,0.0069341,0.006433,0.0058399,0.0052758,0.0036272,0.0028354
0.01646002108,0.016625,0.010867,0.010781,0.010302,0.010204,0.00983,0.0096309,0.0085546,0.0071047,0.00723,0.0066475,0.0060515,0.0055727,0.0039142,0.0031292
0.01657376134,0.016709,0.011031,0.010967,0.010462,0.010341,0.010027,0.0097334,0.0088048,0.0073544,0.0075313,0.0069021,0.0063503,0.0058883,0.0042231,0.0034585
0.01668269321,0.01683,0.011189,0.011117,0.010653,0.010423,0.010193,0.009855,0.009078,0.0076484,0.007815,0.0071189,0.0065648,0.0061705,0.0045457,0.0037076
0.01679162508,0.016939,0.011398,0.011338,0.01084,0.010536,0.010374,0.0099633,0.0093023,0.0079172,0.0080079,0.0073039,0.0067871,0.0063725,0.0048295,0.003996
0.01690376596,0.017028,0.011569,0.011552,0.010982,0.010678,0.010498,0.010051,0.0094953,0.0081642,0.0082933,0.0075283,0.0069811,0.0066731,0.0051413,0.0043235
0.01701590683,0.017163,0.011773,0.011702,0.011191,0.010836,0.010629,0.010165,0.0095932,0.0084395,0.0085519,0.0078197,0.0071339,0.006936,0.0054803,0.004626
0.01712322908,0.017247,0.011968,0.011882,0.011349,0.011006,0.010793,0.010261,0.0096995,0.0086624,0.0088103,0.0080337,0.0073557,0.0071435,0.0057651,0.0050081
0.01723055132,0.01736,0.012183,0.012041,0.011525,0.01117,0.010931,0.010411,0.0099025,0.0088857,0.0089773,0.0083463,0.0075605,0.0073492,0.0060764,0.0053528
0.01733307543,0.017501,0.012401,0.012246,0.011675,0.011393,0.011104,0.010557,0.010073,0.0090154,0.0090513,0.0086043,0.0076801,0.00763,0.0063858,0.0057552
0.01743559955,0.017609,0.012567,0.012415,0.011857,0.011632,0.011254,0.010752,0.010146,0.0091448,0.0091752,0.0088964,0.0079132,0.0078772,0.0067199,0.0060059
0.01753492491,0.017721,0.012763,0.012572,0.012052,0.011856,0.011404,0.010965,0.010279,0.0092661,0.0093194,0.0090624,0.0080641,0.0080789,0.0069521,0.0063351
0.01763425027,0.017792,0.012943,0.012733,0.012212,0.012056,0.011578,0.011162,0.010421,0.0094052,0.0093925,0.0092912,0.0082232,0.0083083,0.007214,0.0066576
0.01772395887,0.017863,0.013097,0.01295,0.012394,0.01223,0.011755,0.011386,0.01058,0.0094995,0.0095081,0.0094834,0.0084856,0.0084943,0.0075433,0.0069273
0.01781366748,0.017906,0.013229,0.0131,0.012563,0.012412,0.011937,0.011627,0.010801,0.0095859,0.0095942,0.0096688,0.008732,0.0086911,0.0078061,0.0071207
0.01790016707,0.017917,0.013383,0.013277,0.012738,0.012526,0.012129,0.01187,0.011024,0.0097945,0.0096465,0.0098453,0.0089967,0.0088956,0.0079862,0.0073995
0.01798666667,0.017959,0.013544,0.013511,0.012908,0.012681,0.012325,0.012099,0.011231,0.0099235,0.0098265,0.0099114,0.0092876,0.0091157,0.0082863,0.0075731
0.018060361,0.017959,0.013721,0.013675,0.013086,0.012834,0.012505,0.012281,0.011426,0.010093,0.010017,0.0099987,0.0095641,0.0093025,0.0085172,0.0077447
0.01813405533,0.017998,0.013899,0.01384,0.013292,0.012979,0.012672,0.012471,0.011679,0.010298,0.010188,0.010127,0.0097776,0.0094778,0.0086432,0.0079213
0.01820133166,0.018023,0.014037,0.014026,0.013419,0.01313,0.012771,0.012609,0.011818,0.01054,0.010402,0.010314,0.01003,0.0096732,0.0087933,0.008128
0.01826860798,0.018068,0.014204,0.014149,0.013615,0.01332,0.012892,0.012725,0.011969,0.010777,0.010692,0.010387,0.010265,0.0098918,0.0089598,0.0083012
0.01832307904,0.018149,0.014366,0.014289,0.013749,0.013499,0.013036,0.012885,0.012147,0.011084,0.010876,0.010621,0.010495,0.010038,0.0090561,0.008454
0.01837755011,0.018214,0.014512,0.014445,0.013851,0.013645,0.013206,0.013044,0.012343,0.011315,0.011144,0.010813,0.010708,0.010217,0.0092081,0.0086678
0.01842560316,0.018322,0.014644,0.01458,0.014047,0.013803,0.013344,0.013148,0.012426,0.011523,0.011461,0.011065,0.010891,0.010393,0.0093639,0.0088757
0.01847365621,0.018366,0.014797,0.014735,0.014173,0.013982,0.013538,0.013238,0.012578,0.011718,0.011707,0.011238,0.011076,0.010604,0.0094883,0.0090161
0.01851210276,0.018471,0.014925,0.014896,0.014322,0.014161,0.013678,0.013382,0.012726,0.011891,0.011855,0.011495,0.011255,0.010809,0.0096244,0.0092392
0.0185505493,0.018555,0.015063,0.015061,0.014508,0.014368,0.013855,0.013554,0.012814,0.012077,0.012062,0.011757,0.011382,0.010957,0.0098407,0.0094625
0.01858419771,0.018621,0.015194,0.01518,0.014667,0.014528,0.014023,0.013692,0.012913,0.012239,0.012316,0.0119,0.01154,0.011131,0.010046,0.0097056
0.01861784613,0.018662,0.015325,0.015328,0.014817,0.014713,0.014232,0.013907,0.013099,0.012386,0.012378,0.012033,0.011593,0.01136,0.010228,0.0099479
0.01864667591,0.018673,0.015457,0.015485,0.014964,0.014886,0.014472,0.014105,0.01329,0.012507,0.012504,0.012225,0.011691,0.011505,0.010505,0.01016
0.01867550569,0.018687,0.015599,0.015605,0.015132,0.015033,0.014689,0.0143,0.013504,0.012597,0.012661,0.012448,0.011853,0.011667,0.010773,0.01041
0.01870113672,0.018722,0.015736,0.015721,0.015293,0.015134,0.014908,0.014514,0.013726,0.012697,0.012759,0.012503,0.011931,0.011826,0.010983,0.010597
0.01872676775,0.01875,0.015855,0.015797,0.015421,0.01526,0.015107,0.014716,0.013945,0.012894,0.012912,0.012653,0.012024,0.011975,0.01119,0.010807
0.01874759039,0.018773,0.016008,0.015894,0.015579,0.015405,0.015279,0.014911,0.014139,0.013048,0.013131,0.012799,0.012149,0.012131,0.011418,0.010948
0.01876841304,0.018793,0.016139,0.015967,0.015752,0.015506,0.015413,0.015048,0.014392,0.013253,0.013287,0.012899,0.012276,0.012254,0.011583,0.011134
0.01878924594,0.01883,0.016265,0.016047,0.015888,0.015616,0.01554,0.015223,0.014646,0.013458,0.013482,0.013048,0.01248,0.012402,0.011746,0.01129
0.01881007884,0.018865,0.016379,0.016158,0.016011,0.015746,0.015703,0.015411,0.014805,0.013669,0.013725,0.013265,0.012713,0.012559,0.011927,0.011421
0.01882769249,0.018926,0.016506,0.016275,0.016149,0.015864,0.015863,0.015551,0.014974,0.013847,0.013932,0.013416,0.012913,0.012751,0.012042,0.011563
0.01884530613,0.018934,0.01665,0.016427,0.016274,0.016009,0.016016,0.015719,0.015202,0.014042,0.014108,0.01364,0.013157,0.012936,0.012191,0.011694
0.01885332351,0.018946,0.016798,0.016562,0.016383,0.016186,0.016127,0.015849,0.015369,0.014246,0.014343,0.013893,0.01337,0.013126,0.012342,0.011769
0.0188613409,0.018952,0.01693,0.01673,0.016527,0.016347,0.016238,0.015962,0.015455,0.014441,0.014477,0.014077,0.013617,0.013312,0.012463,0.011917
0.01886774866,0.018937,0.017059,0.016902,0.016652,0.016532,0.016334,0.016078,0.015564,0.014631,0.014522,0.014244,0.01381,0.013505,0.012591,0.012066
0.01887415641,0.018904,0.017164,0.017033,0.016772,0.016711,0.016417,0.016191,0.015614,0.014784,0.014608,0.014473,0.013997,0.013697,0.012759,0.01222
0.01887575579,0.018871,0.017248,0.017194,0.016896,0.016887,0.016509,0.016311,0.015703,0.014931,0.014689,0.014687,0.014156,0.013887,0.0129,0.012383
0.01887735517,0.018849,0.017316,0.017289,0.01697,0.017018,0.016596,0.016438,0.015781,0.015015,0.01472,0.014851,0.014273,0.014016,0.013055,0.012575
,0.018841,0.017436,0.01738,0.017063,0.017142,0.016728,0.016579,0.015863,0.01508,0.014724,0.015027,0.014377,0.01419,0.013223,0.012752
,0.018803,0.017512,0.017478,0.017148,0.017245,0.016832,0.016712,0.015983,0.015188,0.014753,0.015167,0.014489,0.014336,0.013378,0.012937
,0.01878,0.017577,0.01755,0.017211,0.017308,0.016954,0.016837,0.016093,0.015289,0.014867,0.015298,0.014601,0.014476,0.013539,0.013127
,0.018766,0.017685,0.017604,0.01732,0.017373,0.017075,0.016947,0.016235,0.01537,0.015025,0.015392,0.014706,0.014592,0.013762,0.013314
,0.01875,0.017715,0.017679,0.017372,0.017406,0.017181,0.017048,0.016356,0.015503,0.015223,0.015487,0.014891,0.014711,0.013966,0.01348
,0.018755,0.017763,0.01774,0.017487,0.017444,0.017262,0.017132,0.016497,0.015643,0.015423,0.01563,0.015109,0.014826,0.014159,0.013644
,0.018744,0.017818,0.017807,0.017563,0.017467,0.017386,0.017213,0.016656,0.015768,0.015629,0.015735,0.015339,0.014987,0.014339,0.013861
,0.018719,0.017893,0.017831,0.017633,0.01747,0.017493,0.017287,0.016816,0.015934,0.015865,0.01584,0.015598,0.015127,0.014565,0.014011
,0.018705,0.017938,0.017898,0.017724,0.017509,0.017614,0.017326,0.016916,0.016126,0.016129,0.015925,0.015792,0.015282,0.014734,0.014204
,0.018691,0.017997,0.017942,0.017761,0.017566,0.017688,0.017358,0.017014,0.016325,0.016357,0.016062,0.015967,0.015458,0.014915,0.014374
,0.018675,0.018016,0.018011,0.017816,0.01765,0.01773,0.017399,0.017119,0.016525,0.016532,0.016208,0.016189,0.015641,0.015097,0.01456
,0.018664,0.01805,0.018056,0.017873,0.017718,0.01776,0.017409,0.017184,0.016673,0.016711,0.016319,0.016312,0.015808,0.015252,0.014709
,0.018661,0.018098,0.018111,0.017935,0.01782,0.01779,0.017457,0.017209,0.016876,0.016878,0.016429,0.016414,0.01597,0.015395,0.01491
,0.018664,0.018145,0.018159,0.017963,0.017933,0.017808,0.017509,0.017266,0.016969,0.017053,0.016564,0.016498,0.016137,0.015575,0.015063
,0.018664,0.018201,0.018184,0.018012,0.018005,0.017842,0.017593,0.017298,0.017041,0.01716,0.016688,0.01656,0.016315,0.015697,0.01519
,0.018639,0.018248,0.018245,0.018068,0.018108,0.017902,0.017676,0.017379,0.017123,0.017228,0.016808,0.01661,0.01647,0.015811,0.015337
,0.018665,0.018272,0.018292,0.018089,0.018183,0.017971,0.017772,0.01741,0.01717,0.017303,0.016948,0.016636,0.016594,0.015939,0.015474
,0.018683,0.01832,0.018368,0.018141,0.018257,0.018064,0.017897,0.017498,0.017177,0.017342,0.017056,0.016692,0.016727,0.016068,0.015575
,0.018659,0.018356,0.018408,0.018215,0.018311,0.018159,0.017997,0.01761,0.017249,0.017387,0.017143,0.01673,0.016835,0.016173,0.015687
,0.018656,0.018403,0.018459,0.018268,0.018362,0.018201,0.018109,0.017719,0.017283,0.017423,0.017263,0.016741,0.016907,0.016286,0.015822
,0.018631,0.01845,0.018507,0.018351,0.018394,0.018293,0.018217,0.017827,0.01732,0.017402,0.017327,0.016818,0.016985,0.016393,0.015932
,0.018599,0.018447,0.018524,0.018414,0.018409,0.018382,0.018295,0.017975,0.017394,0.017389,0.017394,0.016926,0.017044,0.016482,0.016045
,0.018586,0.018441,0.018535,0.018448,0.018448,0.018454,0.018389,0.018057,0.017464,0.017431,0.017459,0.016979,0.017089,0.016573,0.016188
,0.018549,0.018463,0.018525,0.018469,0.018469,0.018496,0.018466,0.018157,0.017565,0.017487,0.01753,0.017079,0.017143,0.016655,0.016342
,0.018496,0.018463,0.018505,0.018483,0.018481,0.018546,0.018523,0.018256,0.017676,0.017524,0.017579,0.017222,0.017209,0.016756,0.016463
,0.018427,0.018505,0.018511,0.018474,0.018551,0.018595,0.018578,0.018303,0.01779,0.017599,0.017628,0.017348,0.017268,0.016833,0.016592
,0.018389,0.018522,0.018482,0.018483,0.018597,0.018626,0.018598,0.018357,0.017904,0.017708,0.017715,0.01748,0.017337,0.01693,0.01673
,0.01837,0.018502,0.018485,0.018479,0.018655,0.018646,0.018609,0.018398,0.018003,0.017819,0.017799,0.017647,0.017433,0.017044,0.016847
,0.018333,0.018496,0.018495,0.018497,0.018716,0.018674,0.018626,0.018396,0.018051,0.017949,0.017876,0.017769,0.017536,0.017158,0.01694
,0.018312,0.018517,0.018542,0.018496,0.018795,0.018708,0.018628,0.018389,0.018128,0.018036,0.017986,0.017888,0.01765,0.017267,0.017052
,0.018305,0.018524,0.018571,0.018552,0.018837,0.018731,0.018642,0.018368,0.018157,0.0181,0.018101,0.018025,0.017768,0.017406,0.017146
,0.018298,0.018528,0.018604,0.018608,0.018872,0.018757,0.018621,0.018371,0.018207,0.01813,0.018208,0.018124,0.017858,0.017522,0.017238
,0.018312,0.018554,0.018673,0.018628,0.018891,0.018776,0.018611,0.018394,0.018221,0.018166,0.018321,0.01819,0.017953,0.0176,0.017337
,0.018326,0.018557,0.018716,0.018649,0.018887,0.018762,0.018603,0.01839,0.018263,0.018165,0.018395,0.018216,0.018033,0.017685,0.017417
,0.018354,0.018551,0.018712,0.018704,0.018894,0.018747,0.018599,0.018422,0.018261,0.01816,0.018471,0.018234,0.018092,0.01778,0.017505
,0.018363,0.018553,0.018708,0.018743,0.018858,0.018743,0.01861,0.018457,0.018298,0.018173,0.018485,0.018251,0.018135,0.017845,0.017573
,0.018356,0.018563,0.018692,0.018724,0.018836,0.018744,0.018628,0.018505,0.018309,0.018193,0.018504,0.018254,0.018165,0.017904,0.017661
,0.018338,0.018548,0.018641,0.018718,0.018793,0.018759,0.018665,0.018562,0.018354,0.018228,0.01847,0.01825,0.018173,0.017958,0.017738
,0.018323,0.018551,0.018566,0.018703,0.018745,0.01878,0.018711,0.018602,0.018411,0.018324,0.018448,0.018289,0.018165,0.01802,0.017777
,0.018303,0.018514,0.018508,0.018664,0.018712,0.018793,0.018737,0.018642,0.01847,0.018397,0.018421,0.018348,0.018196,0.018064,0.017835
,0.018272,0.018467,0.018475,0.018626,0.018682,0.01882,0.018753,0.018682,0.018536,0.018493,0.018412,0.018405,0.018233,0.018133,0.017911
,0.018257,0.018416,0.018411,0.018589,0.018656,0.018829,0.01876,0.018696,0.018602,0.018576,0.018428,0.018492,0.018266,0.018209,0.01795
,0.018221,0.018402,0.018398,0.018586,0.018641,0.018834,0.018768,0.018681,0.018655,0.018673,0.018457,0.018582,0.018339,0.018246,0.018024
,0.018206,0.018356,0.018393,0.018584,0.01865,0.018821,0.018734,0.018691,0.01873,0.01877,0.018503,0.018626,0.018405,0.01831,0.018072
,0.018193,0.01834,0.018431,0.018548,0.018657,0.018807,0.018725,0.01866,0.018782,0.018806,0.01859,0.018682,0.018472,0.018369,0.018132
,0.018195,0.018322,0.018464,0.018555,0.018694,0.018795,0.018678,0.018657,0.018802,0.018831,0.018635,0.018708,0.018551,0.018403,0.018188
,0.018187,0.018309,0.018467,0.018532,0.01872,0.018771,0.018659,0.018642,0.018831,0.018824,0.018713,0.018736,0.018628,0.018422,0.018257
,0.018207,0.018276,0.01851,0.018525,0.018736,0.018724,0.018632,0.018633,0.01882,0.018837,0.018774,0.01872,0.018682,0.018468,0.018311
,0.018209,0.018264,0.018526,0.018521,0.018744,0.018681,0.018642,0.018594,0.018795,0.018778,0.018809,0.018701,0.018719,0.018476,0.018358
,0.018208,0.018276,0.018513,0.01852,0.018771,0.018654,0.018612,0.018594,0.018785,0.018757,0.018822,0.018672,0.018774,0.018492,0.018419
,0.018215,0.018246,0.018491,0.018519,0.018756,0.018645,0.018622,0.018619,0.018733,0.018747,0.018838,0.018636,0.018777,0.018532,0.018461
,0.018217,0.018212,0.018442,0.018484,0.018731,0.01863,0.018643,0.018635,0.0187,0.018696,0.01884,0.018647,0.018777,0.018567,0.018509
,0.018228,0.018211,0.018427,0.018451,0.018671,0.018638,0.018663,0.018681,0.018685,0.018667,0.018802,0.018652,0.018761,0.018587,0.018547
,0.018218,0.018181,0.018394,0.018474,0.018629,0.018622,0.01869,0.018709,0.018663,0.018609,0.018788,0.018657,0.018762,0.018626,0.0186
,0.018211,0.018153,0.01836,0.018487,0.018579,0.018638,0.018709,0.018747,0.018654,0.018552,0.018761,0.01869,0.018749,0.018687,0.018618
,0.018193,0.018169,0.018376,0.018497,0.018558,0.018646,0.018707,0.018755,0.018667,0.018503,0.018745,0.018726,0.018732,0.018712,0.018648
,0.018154,0.018219,0.018374,0.018458,0.018524,0.018669,0.018692,0.018744,0.018689,0.018472,0.01873,0.018753,0.018725,0.018737,0.018689
,0.01807,0.018287,0.018397,0.018434,0.0185,0.018657,0.018659,0.018714,0.018682,0.01847,0.018736,0.018793,0.018733,0.018781,0.018707
,0.018024,0.01824,0.018381,0.018429,0.018508,0.018643,0.018653,0.018683,0.018708,0.018481,0.018715,0.018831,0.018713,0.018794,0.018731
,0.018078,0.018212,0.018376,0.018384,0.018543,0.018614,0.018621,0.01865,0.018707,0.018495,0.018718,0.018857,0.018708,0.018803,0.018761
,0.018176,0.018128,0.018362,0.018379,0.018523,0.018602,0.018553,0.018588,0.018725,0.018532,0.018748,0.018856,0.018684,0.018822,0.018769
,0.018093,0.018108,0.018323,0.018344,0.018551,0.018555,0.018491,0.018505,0.018709,0.018548,0.018775,0.018895,0.018669,0.018829,0.018762
,0.018164,0.01812,0.018267,0.018307,0.018571,0.018492,0.018447,0.018447,0.018677,0.018613,0.018771,0.018907,0.018675,0.018809,0.018742
